video_id,user_id,views,captions,subtitles,top_comments,likes,comment_count,shares,saved_count,viewer_retention_percentage,cluster,sent_label_majority,sent_score_avg,sent_score_final,quality_flag,engagement_rate,viral_coefficient,save_rate,quality_score_enhanced,norm_likes,norm_comment_count,norm_shares,norm_saved_count,norm_viewer_retention_percentage,norm_sent_score_avg,norm_engagement_rate,norm_viral_coefficient,norm_save_rate,video_score,category_total_score,video_money
2001,1,14055,"fps, gaming",Here’s a ranked gaming match with commentary on positioning and decision making.,"Not useful at all. | Too repetitive and unoriginal. | Disliked the presentation style. | Really boring, I didn't enjoy this. | Poor quality, needs improvement.",1195,94,89,194,37.2,2,negative,-0.8667080592364073,0.06664597038179637,True,0.09804340092493774,0.006332266097474209,0.013802917111348274,0.04958460196405651,0.4956680346557228,0.45695364238410596,1.0,0.6029411764705883,0.0,0.0,0.6347294247881966,0.8875529292701697,0.9059091874792166,0.41992674726556584,3.210853794040999,1285.3106508370217
2002,4,19998,"adventure, trip highlights","Join me as I explore a new city, sharing highlights and travel tips along the way.","High quality and well presented. | Great explanation, very helpful. | Amazing content, keep it up! | Loved this video! | This was super entertaining.",733,178,58,220,70.55,1,positive,0.9714829450473189,0.9857414725236595,True,0.04845484548454845,0.0029002900290029,0.011001100110011002,1.3908812177308836,0.26037735849056604,0.8333333333333333,0.28735632183908044,0.6285714285714286,0.9915574963609898,1.0,0.008913833545982682,0.141567695617743,0.6444411230525425,0.5707096712329517,8.141716455578218,688.8971015769065
2003,13,4213,"funny, internet humor",This video is packed with comedy skits and internet humor for a good time.,"Disliked the presentation style. | Not useful at all. | Really boring, I didn't enjoy this. | Poor quality, needs improvement. | Too repetitive and unoriginal.",220,27,16,54,64.61,7,negative,-0.8667080592364073,0.06664597038179637,False,0.062425824827913604,0.0037977688108236413,0.012817469736529788,0.08611992292735728,0.014693534844668399,0.0,0.03973509933774833,0.06910569105691054,1.0,0.0,0.1461564404941887,0.3150860004822545,0.8111296424972326,0.2507658753644072,5.973543504626462,412.56416671313156
2004,14,5992,"adventure, trip highlights",In this vlog I’m taking you with me on an adventure to discover amazing places.,"Interesting perspective. | This was okay overall. | Not bad, could be better. | Thanks for sharing. | I learned something new.",490,38,38,41,40.33,1,positive,0.8596485294401646,0.9298242647200823,False,0.09445927903871829,0.006341789052069426,0.006842456608811749,0.7499962519232184,0.14575471698113207,0.12626262626262627,0.17241379310344823,0.0603174603174603,0.11179039301310034,0.9391606120655933,0.5824738901042386,0.7758717919348617,0.1381710282080628,0.3471594390403612,8.141716455578218,419.05217905857194
2005,15,16155,"soccer workout, endurance",Let’s train together! Today I’m going through a soccer workout to build stamina.,"Not bad, could be better. | This was okay overall. | I learned something new. | Interesting perspective. | Thanks for sharing.",1058,78,87,132,65.68,3,positive,0.8596485294401646,0.9298242647200823,True,0.07570411637264005,0.005385329619312906,0.008170844939647167,1.2214171541363001,0.42352941176470593,0.4772727272727273,0.649122807017544,0.38823529411764707,0.9394823186292381,0.9391606120655933,0.14203179838120586,0.5204074655399608,0.302151483464949,0.5910881931753633,4.677771040066769,1241.8479437912895
2006,3,21523,"comedy, funny skit",I created this comedy sketch to brighten your day and make you smile.,"Amazing content, keep it up! | Great explanation, very helpful. | This was super entertaining. | High quality and well presented. | Loved this video!",2567,88,159,189,45.03,7,positive,0.9714829450473189,0.9857414725236595,True,0.1307438554104911,0.007387445988012824,0.008781303721600148,0.8877587701548079,1.0,0.4013157894736842,0.9867549668874174,0.6178861788617885,0.30220955096222396,1.0,0.9944250037242807,1.0,0.3857146324278575,0.760201354273376,5.973543504626462,1250.69584449729
2007,1,7194,"valorant, tips and tricks",Jump into the action with me as I play an FPS match and talk through strategies.,"Disliked the presentation style. | Not useful at all. | Too repetitive and unoriginal. | Really boring, I didn't enjoy this. | Poor quality, needs improvement.",814,57,34,72,44.65,9,negative,-0.8667080592364073,0.06664597038179637,False,0.12579927717542397,0.004726160689463442,0.010008340283569641,0.05951485155094416,0.1565752128666036,0.037837837837837826,0.0,0.0,0.1431213017751479,0.0,1.0,0.14544493981814166,0.5224815228225762,0.21316657305971098,3.969391103486893,527.7768178582548
2008,9,15975,"music cover, acoustic guitar",Watch this live music session where I share one of my favorite covers.,"Thanks for sharing. | Interesting perspective. | This was okay overall. | Not bad, could be better. | I learned something new.",698,142,71,155,63.04,8,positive,0.8596485294401646,0.9298242647200823,True,0.05702660406885759,0.0044444444444444444,0.00970266040688576,1.1723224329590796,0.16443987667009247,1.0,0.5978260869565218,0.5611510791366907,0.8157806753594117,0.9391606120655932,0.06847195406627149,0.4863373484860767,0.3712449514218575,0.579181585525801,4.214117947080811,1350.7132421834597
2009,7,20062,"tech review, pc setup",Join me as I dive into tech tips and highlight useful Windows shortcuts.,"High quality and well presented. | Great explanation, very helpful. | This was super entertaining. | Amazing content, keep it up! | Loved this video!",1667,155,77,265,62.51,6,positive,0.9714829450473189,0.9857414725236595,True,0.09465656464958629,0.0038381018841591066,0.013209051938989134,1.232373988949079,0.8887443070917372,1.0,0.6018518518518519,1.0,0.9875437913585052,1.0,0.613988533313759,0.3882251775892413,1.0,0.8525151283971727,3.8486190693268734,2612.3629281929966
2010,9,18664,"acoustic guitar, cover song",Sit back and enjoy as I perform an acoustic guitar cover of a popular song.,"Not useful at all. | Disliked the presentation style. | Too repetitive and unoriginal. | Really boring, I didn't enjoy this. | Poor quality, needs improvement.",1729,104,63,126,65.61,8,negative,-0.8667080592364073,0.06664597038179637,True,0.10158594084869267,0.003375482211744535,0.00675096442348907,0.0874528423349932,0.6942446043165467,0.6199999999999999,0.5108695652173914,0.3525179856115108,0.901705115346038,0.0,0.6291151608697771,0.21420683788860903,0.003772544660968175,0.5378940848244769,4.214117947080811,1254.426386165222
2011,1,11425,"valorant, clutch gameplay",Jump into the action with me as I play an FPS match and talk through strategies. (variant 2),"This was okay overall. | Interesting perspective. | I learned something new. | Not bad, could be better. | Thanks for sharing.",483,80,67,154,40.78,9,positive,0.8596485294401646,0.9298242647200823,False,0.05514223194748359,0.0058643326039387305,0.013479212253829321,0.7583646703056991,0.0,0.16216216216216217,0.2844827586206896,0.3596491228070176,0.0,0.9391606120655933,0.12361119619404455,0.4992354712297551,1.0,0.26500694915942036,3.969391103486893,656.1278456097579
2012,12,6229,"bible verse, reflection",Here’s a short Bible study where I reflect on scripture and pray with you.,"Not useful at all. | Disliked the presentation style. | Really boring, I didn't enjoy this. | Poor quality, needs improvement. | Too repetitive and unoriginal.",362,43,22,87,62.17,4,negative,-0.8667080592364073,0.06664597038179637,False,0.06855032910579548,0.0035318670733665114,0.013966928881040296,0.08286759957272562,0.0016844469399213643,0.12295081967213112,0.06410256410256408,0.17197452229299362,1.0,0.0,0.17972288079855475,0.1827835355490596,0.8980052296392449,0.27225306654499326,6.110213788826047,437.89649911875523
2013,2,15648,"bible study, scripture reading","Let’s open the Bible, read a few lines, and spend some quiet time in prayer.","High quality and well presented. | This was super entertaining. | Amazing content, keep it up! | Loved this video! | Great explanation, very helpful.",1478,150,112,90,52.44,4,positive,0.9714829450473189,0.9857414725236595,True,0.1111963190184049,0.007157464212678937,0.005751533742331288,1.033845656382814,0.6282987085906793,1.0,0.641025641025641,0.18152866242038213,0.622135922330097,1.0,0.8079488033137739,0.960089293298403,0.0,0.7201242062612099,6.110213788826047,1158.2601175232028
2014,10,5964,"homemade meal, cooking guide","Here’s a cooking tutorial where I walk you through ingredients, preparation, and plating.","Amazing content, keep it up! | Loved this video! | This was super entertaining. | Great explanation, very helpful. | High quality and well presented.",663,34,22,30,47.41,5,positive,0.9714829450473189,0.9857414725236595,False,0.12055667337357479,0.003688799463447351,0.005030181086519115,0.9346800642469338,0.12383561643835618,0.056994818652849714,0.02985074626865671,0.006493506493506536,0.2670651148159798,1.0,1.0,0.2912152064901541,0.0,0.3958830328949584,3.9778045579055163,978.0893872208744
2015,10,8237,"baking, kitchen tips","In this video I’m preparing a homemade dish, explaining each step so you can follow along easily.","Disliked the presentation style. | Not useful at all. | Too repetitive and unoriginal. | Poor quality, needs improvement. | Really boring, I didn't enjoy this.",500,34,50,65,61.7,5,negative,-0.8667080592364073,0.06664597038179637,False,0.0708995993687022,0.006070171178827243,0.007891222532475416,0.08224112745113672,0.03452054794520551,0.056994818652849714,0.23880597014925373,0.12012987012987011,0.7165775401069521,0.0,0.0,0.7468347083164891,0.336714584774473,0.22742839152219307,3.9778045579055163,561.8965139119601
2016,9,14834,"cover, guitar, music",Here’s my version of a song on guitar — hope you like the performance.,"High quality and well presented. | Great explanation, very helpful. | Amazing content, keep it up! | This was super entertaining. | Loved this video!",764,136,80,134,65.58,8,positive,0.9714829450473189,0.9857414725236595,True,0.06606444654172847,0.005393016044222732,0.009033301874073075,1.2928985153620316,0.19835560123329907,0.9399999999999998,0.6956521739130435,0.41007194244604317,0.9007021063189569,1.0,0.18218560765162473,0.7278194756272219,0.2879129306371282,0.6281849880137996,4.214117947080811,1464.9944042692612
2017,15,7279,"fitness, soccer, training",In this fitness video I’ll demonstrate drills that improve soccer performance.,"Poor quality, needs improvement. | Not useful at all. | Disliked the presentation style. | Really boring, I didn't enjoy this. | Too repetitive and unoriginal.",757,67,42,107,47.29,3,negative,-0.8667080592364073,0.06664597038179637,False,0.11897238631680176,0.005770023354856436,0.014699821404039016,0.063033758787103,0.24647058823529414,0.3522727272727273,0.25438596491228077,0.2901960784313726,0.2690484870579658,0.0,0.9694205005473903,0.6045399919127565,1.0,0.3561058373862717,4.677771040066769,748.1612846207146
2018,14,24354,"adventure, vlog",Travel with me as I document my journey and show you the sights I visited.,"This was super entertaining. | Amazing content, keep it up! | Loved this video! | Great explanation, very helpful. | High quality and well presented.",2013,81,180,139,41.42,1,positive,0.9714829450473189,0.9857414725236595,True,0.09337275190933728,0.007390983000739098,0.005707481317237415,0.8165882358385995,0.8641509433962264,0.3434343434343434,0.9885057471264368,0.3714285714285714,0.14352256186317325,1.0,0.5689276182857614,0.9692491588937835,0.0,0.6124656207685572,8.141716455578218,739.3002295745898
2019,10,18968,"baking, kitchen tips","Here’s a cooking tutorial where I walk you through ingredients, preparation, and plating. (variant 2)","Too repetitive and unoriginal. | Disliked the presentation style. | Really boring, I didn't enjoy this. | Poor quality, needs improvement. | Not useful at all.",1383,83,57,243,70.71,5,negative,-0.8667080592364073,0.06664597038179637,True,0.08029312526360186,0.0030050611556305356,0.012811050189793336,0.09425073131393642,0.5183561643835617,0.310880829015544,0.29104477611940294,0.6980519480519479,1.0,0.0,0.18916792991020615,0.16039795306637175,0.9157267235664931,0.4441462671160733,3.9778045579055163,1097.3310653484468
2020,8,13264,"makeup, skincare",Here’s a step-by-step guide to achieving this makeup look.,"Great explanation, very helpful. | This was super entertaining. | Loved this video! | Amazing content, keep it up! | High quality and well presented.",704,99,38,129,68.17,0,positive,0.9714829450473189,0.9857414725236595,True,0.06340470446320869,0.002864897466827503,0.009725572979493365,1.3439599236387574,0.39400921658986177,0.5798319327731092,0.3086419753086419,0.5763888888888888,0.9083750894774516,1.0,0.2520752800429328,0.05130471303297328,0.32313223869256386,0.5776392077391223,4.1085184993727655,1381.7405904256455
2021,4,16946,"travel diary, exploring",In this vlog I’m taking you with me on an adventure to discover amazing places. (variant 2),"Amazing content, keep it up! | Great explanation, very helpful. | High quality and well presented. | This was super entertaining. | Loved this video!",619,144,46,107,46.14,1,positive,0.9714829450473189,0.9857414725236595,False,0.04773987961760887,0.0027145048979110116,0.006314174436445179,0.9096422308448331,0.20660377358490567,0.6616161616161617,0.2183908045977011,0.2698412698412698,0.28093158660844253,1.0,0.0,0.10732556191479817,0.07385835860040255,0.35752798506067757,8.141716455578218,431.5679320955433
2022,6,3420,"hockey, nhl, sports",In this video I’ll discuss hockey strategies and show key sports moments.,"Not bad, could be better. | Thanks for sharing. | Interesting perspective. | This was okay overall. | I learned something new.",108,25,8,30,64.5,2,positive,0.8596485294401646,0.9298242647200823,False,0.0412280701754386,0.0023391812865497076,0.008771929824561403,1.199473301488906,0.0,0.0,0.0,0.0,0.9342915811088296,0.9391606120655933,0.0,0.0,0.1548502173742528,0.3277324080316049,3.210853794040999,1003.1224669789642
2023,1,12834,"fps, gaming highlights",Here’s a ranked gaming match with commentary on positioning and decision making. (variant 2),"Disliked the presentation style. | Too repetitive and unoriginal. | Poor quality, needs improvement. | Not useful at all. | Really boring, I didn't enjoy this.",1055,56,67,113,39.14,2,negative,-0.8667080592364073,0.06664597038179637,False,0.09178743961352658,0.005220508025557114,0.008804737416238117,0.0521704656148702,0.43182854537163706,0.2052980132450331,0.7283950617283951,0.30514705882352944,0.06639288158795341,0.0,0.5648390858197092,0.6404396872297843,0.1597479510817204,0.3186847187374776,3.210853794040999,975.4293240893269
2024,8,22277,"skincare, makeup haul",In this video I’ll share a makeup tutorial with tips for beginners.,"Disliked the presentation style. | Really boring, I didn't enjoy this. | Poor quality, needs improvement. | Not useful at all. | Too repetitive and unoriginal.",1051,85,67,166,67.94,0,negative,-0.8667080592364073,0.06664597038179637,True,0.054001885352605826,0.0030075862997710643,0.007451631727790995,0.0905585445547849,0.6605222734254992,0.4621848739495798,0.6666666666666665,0.8333333333333334,0.9001431639226912,0.0,0.14604699785567252,0.09385614117105062,0.0,0.5019253179302245,4.1085184993727655,1440.755217141782
2025,13,4703,"jokes, memes",Laugh with me as I go through some hilarious memes and funny moments.,"Not useful at all. | Disliked the presentation style. | Really boring, I didn't enjoy this. | Too repetitive and unoriginal. | Poor quality, needs improvement.",554,31,32,37,63.11,7,negative,-0.8667080592364073,0.06664597038179637,False,0.13119285562406974,0.006804167552625983,0.007867318732723793,0.08412054381590338,0.154911838790932,0.026315789473684275,0.14569536423841056,0.0,0.9465431218816822,0.0,1.0,0.888709890529468,0.28937990986990275,0.4241820100926591,5.973543504626462,697.871260490566
2026,13,4659,"comedy, funny skit",Laugh with me as I go through some hilarious memes and funny moments. (variant 2),"Not useful at all. | Disliked the presentation style. | Too repetitive and unoriginal. | Poor quality, needs improvement. | Really boring, I didn't enjoy this.",185,41,10,43,42.89,7,negative,-0.8667080592364073,0.06664597038179637,False,0.0506546469199399,0.0021463833440652502,0.009229448379480575,0.057168913393504925,0.0,0.09210526315789477,0.0,0.024390243902439063,0.22594440484675707,0.0,0.0,0.0,0.43294942491150157,0.056838431675384805,5.973543504626462,0.0
2027,3,11431,"jokes, memes","Enjoy a set of jokes, memes, and funny clips I’ve put together.","Really boring, I didn't enjoy this. | Poor quality, needs improvement. | Too repetitive and unoriginal. | Disliked the presentation style. | Not useful at all.",808,52,49,167,46.35,7,negative,-0.8667080592364073,0.06664597038179637,False,0.07952060187210218,0.004286589099816289,0.014609395503455516,0.06178081454392524,0.26154492023509657,0.16447368421052633,0.2582781456953642,0.5284552845528455,0.34925160370634367,0.0,0.3584131732828333,0.4083534010459821,1.0,0.2783824162671309,5.973543504626462,457.9993566825578
2028,2,21267,"bible, prayer",Join me for a time of scripture reading and prayer together.,"This was okay overall. | I learned something new. | Interesting perspective. | Thanks for sharing. | Not bad, could be better.",1393,75,103,204,56.84,4,positive,0.8596485294401646,0.9298242647200823,True,0.07387031551229604,0.004843184276108525,0.009592326139088728,1.0570242241337895,0.5805727119595733,0.3852459016393443,0.5833333333333334,0.5445859872611465,0.7930097087378641,0.9391606120655931,0.25809257921195816,0.463921889525264,0.4198278475974589,0.5997884439327872,6.110213788826047,964.7100146313609
2029,8,11043,"makeup tutorial, beauty tips",I’m sharing my favorite skincare hacks and beauty advice in today’s video.,"Great explanation, very helpful. | This was super entertaining. | Amazing content, keep it up! | High quality and well presented. | Loved this video!",562,76,36,160,48.45,0,positive,0.9714829450473189,0.9857414725236595,False,0.061034139273748074,0.0032599837000814994,0.014488816444806665,0.9551834868754262,0.2849462365591398,0.38655462184873945,0.28395061728395055,0.7916666666666667,0.20257695060844674,1.0,0.22534425906987157,0.16912390824147727,1.0,0.4217323504580506,4.1085184993727655,1008.8039369839253
2030,15,10292,"soccer workout, endurance",This training session covers soccer practice routines you can try yourself.,"This was okay overall. | Interesting perspective. | Not bad, could be better. | Thanks for sharing. | I learned something new.",1002,45,43,55,61.77,3,positive,0.8596485294401646,0.9298242647200823,True,0.10590750097162845,0.004178002331908278,0.005343956471045472,1.1487048966351896,0.3905882352941177,0.10227272727272725,0.26315789473684215,0.0862745098039216,0.7969376594969013,0.9391606120655933,0.7195898846331634,0.25636496766915234,0.0,0.5247771032631181,4.677771040066769,1102.5315243316136
2031,15,12294,"soccer drills, fitness",Let’s train together! Today I’m going through a soccer workout to build stamina. (variant 2),"Interesting perspective. | Not bad, could be better. | I learned something new. | This was okay overall. | Thanks for sharing.",1081,43,41,70,56.73,3,positive,0.8596485294401646,0.9298242647200823,True,0.09476167236050105,0.0033349601431592645,0.00569383439075972,1.0549786107514052,0.4370588235294118,0.07954545454545453,0.24561403508771934,0.1450980392156863,0.6131972293109733,0.9391606120655933,0.5064560412641438,0.07199162694372199,0.03739664074033385,0.4556661016231391,4.677771040066769,957.3326246227474
2032,3,20864,"comedy, meme",This video is packed with comedy skits and internet humor for a good time. (variant 2),"Not useful at all. | Too repetitive and unoriginal. | Poor quality, needs improvement. | Really boring, I didn't enjoy this. | Disliked the presentation style.",1989,176,77,110,43.25,7,negative,-0.8667080592364073,0.06664597038179637,True,0.10745782208588957,0.0036905674846625766,0.005272239263803681,0.05764876438025386,0.7573467674223343,0.9802631578947368,0.4437086092715232,0.2967479674796748,0.23877405559515336,0.0,0.705294742457277,0.2946318801170148,0.015856532903278292,0.45395460507141655,5.973543504626462,746.8536262947214
2033,14,24081,"travel diary, exploring",Travel with me as I document my journey and show you the sights I visited. (variant 2),"Amazing content, keep it up! | Great explanation, very helpful. | Loved this video! | This was super entertaining. | High quality and well presented.",902,211,182,281,57.35,1,positive,0.9714829450473189,0.9857414725236595,True,0.053776836510111704,0.007557825671691375,0.011668950624974046,1.1306454689846375,0.3400943396226415,1.0,1.0,0.8222222222222223,0.6072780203784571,1.0,0.07526573134796988,1.0,0.7257447364675349,0.6659818369435055,8.141716455578218,803.8990406139013
2034,14,12012,"adventure, trip highlights","Join me as I explore a new city, sharing highlights and travel tips along the way. (variant 2)","Really boring, I didn't enjoy this. | Not useful at all. | Poor quality, needs improvement. | Too repetitive and unoriginal. | Disliked the presentation style.",742,70,54,87,36.49,1,negative,-0.8667080592364073,0.06664597038179637,False,0.0720945720945721,0.004495504495504496,0.007242757242757243,0.04863822918463499,0.264622641509434,0.28787878787878785,0.26436781609195403,0.20634920634920637,0.0,0.0,0.303642012635537,0.4355823281439745,0.18690332273041085,0.1828783955609392,8.141716455578218,220.7504147788339
2035,15,7825,"soccer workout, endurance",I’m sharing a fitness guide that mixes soccer drills with overall conditioning.,"Disliked the presentation style. | Really boring, I didn't enjoy this. | Poor quality, needs improvement. | Too repetitive and unoriginal. | Not useful at all.",601,40,34,84,39.91,3,negative,-0.8667080592364073,0.06664597038179637,False,0.08626198083067092,0.004345047923322683,0.01073482428115016,0.053196813558749854,0.1547058823529412,0.04545454545454543,0.18421052631578952,0.2,0.0,0.0,0.3439224166760875,0.2928978412946483,0.5762019704980714,0.1324056440961202,4.677771040066769,278.1779077396425
2036,12,24734,"bible verse, reflection",In this devotion I’ll share a verse and then guide a prayer session for encouragement.,"Interesting perspective. | This was okay overall. | Thanks for sharing. | Not bad, could be better. | I learned something new.",1692,122,140,320,41.64,4,positive,0.8596485294401646,0.9298242647200823,True,0.07900056602247918,0.005660224791784588,0.012937656666936201,0.7743576476588845,0.7484559236384054,0.7704918032786886,0.8205128205128205,0.9140127388535032,0.20271844660194172,0.9391606120655931,0.3336672432330886,0.6390903577103247,0.7854979411422137,0.6261925103109689,6.110213788826047,1007.1787676053303
2037,1,24017,"fps, gaming highlights",Jump into the action with me as I play an FPS match and talk through strategies. (variant 3),"Not bad, could be better. | I learned something new. | Interesting perspective. | Thanks for sharing. | This was okay overall.",808,133,144,200,48.38,9,positive,0.8596485294401646,0.9298242647200823,True,0.045176333430486736,0.005995753008285798,0.008327434733730274,0.8996979585431516,0.15373699148533587,0.4486486486486487,0.9482758620689654,0.5614035087719299,0.2810650887573966,0.9391606120655933,0.0,0.5400863252184629,0.2912245172873585,0.44298477649399626,3.969391103486893,1096.7812276653794
2038,12,11942,"bible study, scripture reading",Today we’ll read a passage from the Bible and reflect on its meaning in our lives.,"Amazing content, keep it up! | Great explanation, very helpful. | This was super entertaining. | High quality and well presented. | Loved this video!",567,84,71,89,36.42,4,positive,0.9714829450473189,0.9857414725236595,False,0.06045888460894323,0.0059454027801038355,0.0074526879919611455,0.7180140885862336,0.1167883211678832,0.45901639344262296,0.3782051282051282,0.17834394904458595,0.0,1.0,0.060526323421592636,0.700230766803312,0.18594910978690865,0.3131652820978207,6.110213788826047,503.70040791995984
2039,9,6314,"music cover, acoustic guitar",Sit back and enjoy as I perform an acoustic guitar cover of a popular song. (variant 2),"Really boring, I didn't enjoy this. | Not useful at all. | Disliked the presentation style. | Too repetitive and unoriginal. | Poor quality, needs improvement.",726,42,16,77,68.55,8,negative,-0.8667080592364073,0.06664597038179637,False,0.12416851441241686,0.0025340513145391194,0.012195121951219513,0.09137162539344282,0.17882836587872558,0.0,0.0,0.0,1.0,0.0,0.9132479010673807,0.0,0.681544808726706,0.36381144004191596,4.214117947080811,848.4470881033542
2040,3,19834,"jokes, memes",Here’s a funny compilation of memes that had me laughing nonstop.,"Great explanation, very helpful. | Amazing content, keep it up! | This was super entertaining. | Loved this video! | High quality and well presented.",885,109,109,194,44.38,7,positive,0.9714829450473189,0.9857414725236595,True,0.05561157608147625,0.005495613592820409,0.009781183825753756,0.8749441310120002,0.2938706968933669,0.5394736842105263,0.6556291390728477,0.6382113821138211,0.2790449037776196,1.0,0.06154754670229182,0.6390364848286787,0.4911027663656756,0.4744049620760262,5.973543504626462,780.498891960683
2041,5,5109,"fitness tips, soccer practice",Let’s train together! Today I’m going through a soccer workout to build stamina. (variant 3),"Disliked the presentation style. | Really boring, I didn't enjoy this. | Too repetitive and unoriginal. | Poor quality, needs improvement. | Not useful at all.",545,38,33,33,45.47,3,negative,-0.8667080592364073,0.06664597038179637,False,0.12057154041886867,0.0064591896652965355,0.0064591896652965355,0.06060784546520562,0.12176470588235296,0.02272727272727273,0.17543859649122812,0.0,0.20269777615749185,0.0,1.0,0.755260675488284,0.11920150646020795,0.26638388181011563,4.677771040066769,559.6597592449122
2042,7,17677,"tech, computer guide",This video explains a step-by-step PC guide for better productivity.,"Too repetitive and unoriginal. | Poor quality, needs improvement. | Really boring, I didn't enjoy this. | Not useful at all. | Disliked the presentation style.",1838,137,120,104,49.15,6,negative,-0.8667080592364073,0.06664597038179637,True,0.11851558522373706,0.006788482208519546,0.005883351247383606,0.06551298888530584,1.0,0.8636363636363638,1.0,0.24413145539906103,0.4674970805760996,0.0,1.0,1.0,0.0,0.6542761980187625,3.8486190693268734,1670.749319249406
2043,10,7945,"easy dinner, food tutorial",Let’s bake and cook together — I’ll show you a simple way to create a delicious meal.,"Amazing content, keep it up! | Loved this video! | This was super entertaining. | High quality and well presented. | Great explanation, very helpful.",518,55,44,98,68.93,5,positive,0.9714829450473189,0.9857414725236595,False,0.0776589049716803,0.005538074260541221,0.012334801762114538,1.358943194021117,0.044383561643835646,0.1658031088082901,0.19402985074626863,0.22727272727272724,0.9440075495438821,1.0,0.13611969167403723,0.6450304703358886,0.859677276326919,0.4568390901059804,3.9778045579055163,1128.690619632743
2044,4,24761,"travel diary, exploring","Join me as I explore a new city, sharing highlights and travel tips along the way. (variant 3)","Thanks for sharing. | This was okay overall. | Interesting perspective. | I learned something new. | Not bad, could be better.",1783,141,69,337,48.31,1,positive,0.8596485294401646,0.9298242647200823,True,0.08048947942328662,0.0027866402810871934,0.013610112677193975,0.8983962045725435,0.7556603773584906,0.6464646464646464,0.3505747126436781,1.0,0.3441048034934498,0.9391606120655933,0.4083054798335237,0.12062086397107677,0.9620603273573254,0.5900249101967174,8.141716455578218,712.2123051017688
2045,4,14366,"travel diary, exploring",Here’s a travel diary where I share experiences from my recent trip.,"Great explanation, very helpful. | Loved this video! | This was super entertaining. | High quality and well presented. | Amazing content, keep it up!",1496,106,36,200,51.09,1,positive,0.9714829450473189,0.9857414725236595,False,0.11401921202840039,0.002505916747876932,0.013921759710427398,1.0072306366246753,0.6202830188679245,0.46969696969696967,0.16091954022988503,0.5650793650793651,0.4250363901018923,1.0,0.8263372616340221,0.0688805944389876,1.0,0.5750139373182417,8.141716455578218,694.0927318247102
2046,2,3930,"bible, prayer",Here’s a short Bible study where I reflect on scripture and pray with you. (variant 2),"High quality and well presented. | Loved this video! | Great explanation, very helpful. | Amazing content, keep it up! | This was super entertaining.",359,28,15,40,46.45,4,positive,0.9714829450473189,0.9857414725236595,False,0.10229007633587786,0.003816793893129771,0.010178117048346057,0.9157538279744797,0.0,0.0,0.019230769230769214,0.02229299363057321,0.38951456310679616,1.0,0.6767493039741977,0.24387009564635506,0.4838592534040545,0.34576118928594085,6.110213788826047,556.1282237914802
2047,14,21842,"adventure, trip highlights",Come along on this adventure as I explore nature and cultural spots.,"I learned something new. | This was okay overall. | Thanks for sharing. | Not bad, could be better. | Interesting perspective.",2301,118,165,143,70.17,1,positive,0.8596485294401646,0.9298242647200823,True,0.11830418459848,0.007554253273509752,0.006547019503708452,1.3049153731081635,1.0,0.5303030303030303,0.9022988505747126,0.38412698412698415,0.9804949053857351,0.9391606120655933,0.8797601367739046,0.999341569826087,0.10220473987916616,0.8505770583948488,8.141716455578218,1026.7218162434924
2048,4,22818,"adventure, trip highlights",Travel with me as I document my journey and show you the sights I visited. (variant 3),"This was super entertaining. | Great explanation, very helpful. | Amazing content, keep it up! | High quality and well presented. | Loved this video!",2240,117,110,166,48.77,1,positive,0.9714829450473189,0.9857414725236595,True,0.10811639933385923,0.004820755543868876,0.007274958366202121,0.9614922322995776,0.9712264150943395,0.5252525252525252,0.5862068965517241,0.45714285714285713,0.35749636098981086,1.0,0.7527439724362043,0.4955294822550728,0.1908234629914927,0.661731532335008,8.141716455578218,798.768546646124
2049,10,11091,"home cooking, delicious recipe","Here’s a cooking tutorial where I walk you through ingredients, preparation, and plating. (variant 3)","This was super entertaining. | Amazing content, keep it up! | Loved this video! | Great explanation, very helpful. | High quality and well presented.",1023,76,82,106,38.92,5,positive,0.9714829450473189,0.9857414725236595,False,0.10648273374808404,0.00739338202145884,0.009557298710666306,0.7673011622124165,0.3210958904109589,0.27461139896373055,0.47761194029850745,0.2532467532467532,0.0,1.0,0.7165773475877828,1.0,0.5327942848204383,0.45619799495071034,3.9778045579055163,1127.1066963133148
2050,2,19077,"bible verse, reflection",Here’s a short Bible study where I reflect on scripture and pray with you. (variant 3),"I learned something new. | Interesting perspective. | Not bad, could be better. | This was okay overall. | Thanks for sharing.",2140,139,91,258,59.03,4,positive,0.8596485294401646,0.9298242647200823,True,0.12423337002673376,0.004770142055878807,0.013524139015568485,1.0977505269285293,1.0,0.9098360655737705,0.5064102564102564,0.7165605095541401,0.8780582524271844,0.9391606120655931,1.0,0.44826208614343455,0.8496049265361819,0.8521795297562642,6.110213788826047,1370.6601634889746
2051,13,24613,"funny, meme compilation",I created this comedy sketch to brighten your day and make you smile. (variant 2),"Thanks for sharing. | I learned something new. | Interesting perspective. | This was okay overall. | Not bad, could be better.",2561,179,161,283,61.08,7,positive,0.8596485294401646,0.9298242647200823,True,0.11786454312761549,0.006541258684435055,0.011497988867671555,1.1358733217820525,0.9974811083123426,1.0,1.0,1.0,0.8741981468282253,0.9391606120655932,0.8345094494785952,0.8385466152451061,0.6720553415305864,0.9324396356063801,5.973543504626462,1534.065114382959
2052,1,15238,"valorant, clutch gameplay",Jump into the action with me as I play an FPS match and talk through strategies. (variant 4),"Thanks for sharing. | This was okay overall. | I learned something new. | Not bad, could be better. | Interesting perspective.",703,87,75,118,49.03,9,positive,0.8596485294401646,0.9298242647200823,False,0.056765979787373674,0.004921905761911012,0.007743798398739992,0.9117856739845127,0.10406811731315044,0.19999999999999998,0.3534482758620689,0.20175438596491233,0.3051035502958581,0.9391606120655933,0.14375121793558568,0.20629053996138252,0.21092851780999344,0.32490249533708826,3.969391103486893,804.4225820301671
2053,7,11768,"tech, computer guide",I’ll show you how to optimize your computer and explore new software features.,"Interesting perspective. | Thanks for sharing. | I learned something new. | Not bad, could be better. | This was okay overall.",1145,82,74,148,43.4,6,positive,0.8596485294401646,0.9298242647200823,True,0.11055404486743711,0.00628823929299796,0.01257647858599592,0.8070874617770314,0.5491216655823031,0.44696969696969696,0.5740740740740741,0.4507042253521127,0.24367458154924093,0.9391606120655932,0.871191448933715,0.8962723489312184,0.9136501230908772,0.5946443923832392,3.8486190693268734,1518.4744864297866
2054,9,10003,"music cover, acoustic guitar",In this video I’ll play a guitar cover and talk about why I love this piece.,"High quality and well presented. | Great explanation, very helpful. | Loved this video! | Amazing content, keep it up! | This was super entertaining.",378,99,39,94,50.32,8,positive,0.9714829450473189,0.9857414725236595,False,0.05158452464260722,0.0038988303508947315,0.009397180845746277,0.9920502179478109,0.0,0.57,0.25000000000000006,0.1223021582733813,0.3905048478769643,1.0,0.0,0.3474379212426632,0.3332141683806422,0.33970308146486417,4.214117947080811,792.2238241199717
2055,12,22877,"bible study, scripture reading",In this devotion I’ll share a verse and then guide a prayer session for encouragement. (variant 2),"Too repetitive and unoriginal. | Not useful at all. | Disliked the presentation style. | Poor quality, needs improvement. | Really boring, I didn't enjoy this.",1563,137,168,339,51.37,4,negative,-0.8667080592364073,0.06664597038179637,True,0.08165406303274031,0.007343620229925253,0.014818376535384885,0.06847206997025758,0.6760247052217855,0.8934426229508197,1.0,0.9745222929936305,0.5805825242718445,0.0,0.37275639582583403,1.0,0.9910749400373329,0.610230161605957,6.110213788826047,981.5046523259629
2056,14,20266,"adventure, trip highlights",Come along on this adventure as I explore nature and cultural spots. (variant 2),"Thanks for sharing. | This was okay overall. | Not bad, could be better. | Interesting perspective. | I learned something new.",1332,180,73,188,70.84,1,positive,0.8596485294401646,0.9298242647200823,True,0.07820980953320833,0.0036020921740846736,0.009276620941478337,1.3173750182554127,0.5429245283018868,0.8434343434343433,0.3735632183908046,0.526984126984127,1.0,0.9391606120655933,0.3798837063201546,0.27091713679028656,0.4345043415134194,0.667239352723587,8.141716455578218,805.4169734959811
2057,14,3752,"journey, travel guide","Join me as I explore a new city, sharing highlights and travel tips along the way. (variant 4)","High quality and well presented. | This was super entertaining. | Great explanation, very helpful. | Loved this video! | Amazing content, keep it up!",181,13,8,50,66.05,1,positive,0.9714829450473189,0.9857414725236595,False,0.05383795309168443,0.0021321961620469083,0.013326226012793176,1.3021644852037542,0.0,0.0,0.0,0.08888888888888888,0.8605531295487626,1.0,0.07602770203808226,0.0,0.9275001808889328,0.34240367010435374,8.141716455578218,413.3115448956584
2058,13,8005,"jokes, memes",I created this comedy sketch to brighten your day and make you smile. (variant 3),"Interesting perspective. | I learned something new. | This was okay overall. | Thanks for sharing. | Not bad, could be better.",916,73,51,41,57.73,7,positive,0.8596485294401646,0.9298242647200823,False,0.12991880074953155,0.006371018113678951,0.005121798875702686,1.0735750960458068,0.3068849706129303,0.3026315789473684,0.271523178807947,0.016260162601626042,0.7548111190306486,0.9391606120655932,0.9841807398620122,0.8060645438940415,0.0,0.5848408914176062,5.973543504626462,962.1899099183286
2059,8,15547,"makeup tutorial, beauty tips",In this video I’ll share a makeup tutorial with tips for beginners. (variant 2),"Poor quality, needs improvement. | Not useful at all. | Really boring, I didn't enjoy this. | Disliked the presentation style. | Too repetitive and unoriginal.",599,149,94,189,42.79,0,negative,-0.8667080592364073,0.06664597038179637,False,0.0541583585257606,0.006046182543255934,0.012156686177397569,0.05703562145274133,0.31336405529953915,1.0,1.0,0.9930555555555557,0.0,0.0,0.1478114242008824,1.0,0.6685989694472442,0.4184818774806188,4.1085184993727655,1001.0286502810401
2060,8,6285,"beauty, skincare routine",Here’s a step-by-step guide to achieving this makeup look. (variant 2),"This was super entertaining. | Loved this video! | Amazing content, keep it up! | Great explanation, very helpful. | High quality and well presented.",191,30,37,56,60.08,0,positive,0.9714829450473189,0.9857414725236595,False,0.04105011933174224,0.0058870326173428794,0.008910103420843278,1.1844669533844292,0.0,0.0,0.2962962962962963,0.06944444444444445,0.6188260558339297,1.0,0.0,0.9525396872623644,0.20725215433463726,0.35796626960397826,4.1085184993727655,856.2724241849752
2061,15,12713,"fitness tips, soccer practice",Follow along as I do exercises focused on strength and endurance for athletes.,"Really boring, I didn't enjoy this. | Disliked the presentation style. | Too repetitive and unoriginal. | Not useful at all. | Poor quality, needs improvement.",751,39,78,127,62.56,3,negative,-0.8667080592364073,0.06664597038179637,True,0.0682765672933218,0.0061354518996303,0.009989774246833949,0.08338743814170363,0.24294117647058824,0.034090909090909095,0.5701754385964912,0.3686274509803921,0.8257382427998543,0.0,0.0,0.6844592207432468,0.4965674268559561,0.33310116593450073,4.677771040066769,699.8295732622026
2062,9,19502,"music cover, acoustic guitar",Watch this live music session where I share one of my favorite covers. (variant 2),"Great explanation, very helpful. | Loved this video! | This was super entertaining. | High quality and well presented. | Amazing content, keep it up!",2324,124,108,136,38.64,8,positive,0.9714829450473189,0.9857414725236595,True,0.13106348066864937,0.005537893549379551,0.0069736437288483236,0.7617810099662841,1.0,0.82,1.0,0.4244604316546763,0.0,1.0,1.0,0.7647015919886522,0.031495081377653715,0.7126811227649003,4.214117947080811,1662.048404213024
2063,2,24260,"bible study, scripture reading",In this devotion I’ll share a verse and then guide a prayer session for encouragement. (variant 3),"Loved this video! | This was super entertaining. | Amazing content, keep it up! | High quality and well presented. | Great explanation, very helpful.",1306,104,65,347,49.28,4,positive,0.9714829450473189,0.9857414725236595,True,0.06079967023907667,0.0026793075020610057,0.014303380049464139,0.9715467953193189,0.5317237507018528,0.6229508196721312,0.33974358974358976,1.0,0.4994174757281553,1.0,0.0655464992296634,0.0,0.9347819036350281,0.5357434735769305,6.110213788826047,861.6989864695925
2064,14,3152,"journey, travel guide",In this vlog I’m taking you with me on an adventure to discover amazing places. (variant 3),"Amazing content, keep it up! | Great explanation, very helpful. | High quality and well presented. | Loved this video! | This was super entertaining.",330,31,19,22,47.44,1,positive,0.9714829450473189,0.9857414725236595,False,0.12055837563451777,0.006027918781725888,0.006979695431472081,0.9352715091304481,0.07028301886792454,0.09090909090909087,0.06321839080459768,0.0,0.3187772925764191,1.0,0.9078642527956908,0.7180222336880981,0.1548783780312816,0.41179140912059986,8.141716455578218,497.06868920687765
2065,7,6613,"tech review, pc setup",In this tutorial I’ll share useful Windows tips and tricks for your PC.,"Not bad, could be better. | Thanks for sharing. | I learned something new. | Interesting perspective. | This was okay overall.",301,61,13,70,55.97,6,positive,0.8596485294401646,0.9298242647200823,False,0.05670648722213821,0.001965824890367458,0.010585210948132466,1.0408452819276601,0.0,0.2878787878787879,0.00925925925925926,0.08450704225352111,0.7329700272479565,0.9391606120655932,0.0,0.0,0.641830713359159,0.32563260619858714,3.8486190693268734,831.5302570675173
2066,10,12183,"cooking, food, recipe",Welcome to my kitchen! Today I’ll guide you through a recipe and share some personal cooking tips.,"This was super entertaining. | High quality and well presented. | Loved this video! | Amazing content, keep it up! | Great explanation, very helpful.",1008,118,38,134,58.86,5,positive,0.9714829450473189,0.9857414725236595,True,0.09554296971189362,0.0031191003857834686,0.010998932939341706,1.160414861454852,0.3128767123287671,0.49222797927461137,0.14925373134328357,0.34415584415584416,0.6272412708398869,1.0,0.496271092025545,0.18221667917929582,0.7024595203210215,0.504495014257463,3.9778045579055163,1246.4318456456697
2067,14,8691,"journey, travel guide","Join me as I explore a new city, sharing highlights and travel tips along the way. (variant 5)","Not bad, could be better. | I learned something new. | Thanks for sharing. | Interesting perspective. | This was okay overall.",1010,63,39,118,42.35,1,positive,0.8596485294401646,0.9298242647200823,False,0.1279484524220458,0.0044874007594062825,0.013577263836152341,0.7875611522179097,0.3910377358490566,0.25252525252525254,0.17816091954022986,0.30476190476190473,0.17059679767103347,0.9391606120655933,1.0,0.4340887252203307,0.9580613344489688,0.4788983556651594,8.141716455578218,578.0727150723399
2068,13,19707,"funny, meme compilation","Enjoy a set of jokes, memes, and funny clips I’ve put together. (variant 2)","This was super entertaining. | High quality and well presented. | Loved this video! | Amazing content, keep it up! | Great explanation, very helpful.",1862,130,84,191,52.44,7,positive,0.9714829450473189,0.9857414725236595,True,0.10534327903790532,0.004262444816562643,0.009691987618612676,1.033845656382814,0.7040302267002521,0.6776315789473684,0.4900662251655629,0.6260162601626017,0.5662865288667142,1.0,0.6790395887605717,0.4037466476270875,0.48170141735804967,0.6702765169013741,5.973543504626462,1102.7500143747454
2069,8,12626,"beauty hacks, skincare tips",I’m sharing my favorite skincare hacks and beauty advice in today’s video. (variant 2),"Loved this video! | This was super entertaining. | Amazing content, keep it up! | Great explanation, very helpful. | High quality and well presented.",1493,111,34,168,70.73,0,positive,0.9714829450473189,0.9857414725236595,True,0.1297322984318074,0.002692856011405037,0.013305876762236655,1.394429887031969,1.0,0.6806722689075629,0.2592592592592592,0.8472222222222222,1.0,1.0,1.0,0.0,0.8319015728392488,0.8287153750389045,4.1085184993727655,1982.3267815958418
2070,13,17377,"jokes, memes",This video is packed with comedy skits and internet humor for a good time. (variant 3),"High quality and well presented. | This was super entertaining. | Great explanation, very helpful. | Loved this video! | Amazing content, keep it up!",1420,131,79,178,36.55,7,positive,0.9714829450473189,0.9857414725236595,False,0.09380215227024227,0.004546239281809288,0.01024342521724118,0.7205770164147951,0.5184718723761546,0.6842105263157895,0.456953642384106,0.573170731707317,0.0,1.0,0.5357395706280448,0.4578949157410689,0.5398233654408187,0.5024599522784046,5.973543504626462,826.6554259714192
2071,3,11099,"funny, internet humor",I created this comedy sketch to brighten your day and make you smile. (variant 4),"Interesting perspective. | I learned something new. | Not bad, could be better. | This was okay overall. | Thanks for sharing.",1315,53,64,162,48.98,7,positive,0.8596485294401646,0.9298242647200823,False,0.12902063248941345,0.005766285250923506,0.014595909541400127,0.9108558497197925,0.47439126784214947,0.17105263157894737,0.35761589403973515,0.508130081300813,0.4429793300071275,0.9391606120655932,0.9730286634181761,0.6906809082006587,0.9985785692009777,0.5847968536022958,5.973543504626462,962.1174581760371
2072,1,24658,"gaming, ranked match",Jump into the action with me as I play an FPS match and talk through strategies. (variant 5),"Interesting perspective. | I learned something new. | Thanks for sharing. | Not bad, could be better. | This was okay overall.",2597,235,105,300,47.7,9,positive,0.8596485294401646,0.9298242647200823,True,0.1191094168221267,0.0042582528996674505,0.012166436856192717,0.8870523485429586,1.0,1.0,0.6120689655172413,1.0,0.25591715976331375,0.9391606120655933,0.9170228716224794,0.0,0.8193899071683369,0.7408178510575978,3.969391103486893,1834.1829229212628
2073,15,20370,"fitness, soccer, training",Follow along as I do exercises focused on strength and endurance for athletes. (variant 2),"Too repetitive and unoriginal. | Disliked the presentation style. | Not useful at all. | Really boring, I didn't enjoy this. | Poor quality, needs improvement.",2038,124,127,288,50.2,3,negative,-0.8667080592364073,0.06664597038179637,True,0.11237113402061856,0.0062346588119784,0.014138438880706922,0.06691255426332356,1.0,1.0,1.0,1.0,0.37513671162960277,0.0,0.8431893945415552,0.7061557741266739,0.9399967264007442,0.6868135402134875,4.677771040066769,1731.5547680291959
2074,6,20924,"sports, hockey recap",I’m reviewing hockey plays and sharing my perspective as a fan.,"Amazing content, keep it up! | High quality and well presented. | Great explanation, very helpful. | Loved this video! | This was super entertaining.",2301,176,71,302,66.42,2,positive,0.9714829450473189,0.9857414725236595,True,0.12177403938061557,0.003393232651500669,0.01443318677117186,1.3094589721004293,1.0,1.0,0.7777777777777778,1.0,1.0,1.0,0.8998433350326042,0.2342866282238689,1.0,0.9244686094438619,3.210853794040999,3395.5332195057495
2075,7,4086,"tech review, pc setup",This video explains a step-by-step PC guide for better productivity. (variant 2),"I learned something new. | Interesting perspective. | This was okay overall. | Thanks for sharing. | Not bad, could be better.",355,27,12,53,51.34,6,positive,0.8596485294401646,0.9298242647200823,False,0.09642682329907,0.002936857562408223,0.01297112090063632,0.9547435550145806,0.035133376707872414,0.030303030303030346,0.0,0.004694835680751165,0.5527442584663295,0.9391606120655932,0.6426292788790466,0.2013480552279503,0.967521053839197,0.3666545312009184,3.8486190693268734,936.2831939456821
2076,11,11754,"valorant, clutch gameplay",Watch this intense Valorant gameplay where I break down how I won clutch rounds.,"Not bad, could be better. | I learned something new. | Thanks for sharing. | This was okay overall. | Interesting perspective.",730,50,76,73,66.91,9,positive,0.8596485294401646,0.9298242647200823,False,0.07282627190743576,0.0064658839543985025,0.006210651693040667,1.244290831048414,0.11684011352885525,0.0,0.3620689655172413,0.004385964912280722,0.966346153846154,0.9391606120655933,0.3429537200281814,0.6862223132382846,0.0,0.4740690063174917,3.969391103486893,1173.7423368408959
2077,11,23392,"fps, gaming",In this session I’ll share tips and tricks for improving aim and movement in FPS games.,"Too repetitive and unoriginal. | Disliked the presentation style. | Not useful at all. | Really boring, I didn't enjoy this. | Poor quality, needs improvement.",1814,119,141,146,56.14,9,negative,-0.8667080592364073,0.06664597038179637,True,0.08866279069767442,0.006027701778385773,0.006241450068399453,0.07483009554468097,0.6296121097445601,0.37297297297297294,0.9224137931034483,0.32456140350877194,0.5680473372781066,0.0,0.5393806681726185,0.55001731385723,0.004237204203117259,0.4784540667945789,3.969391103486893,1184.5992607548756
2078,8,17008,"beauty, skincare routine",Watch me go through my skincare routine and explain why I use these products.,"This was super entertaining. | Great explanation, very helpful. | Amazing content, keep it up! | Loved this video! | High quality and well presented.",857,119,78,190,50.86,0,positive,0.9714829450473189,0.9857414725236595,True,0.06197083725305738,0.004586077140169332,0.011171213546566321,1.0026962258510663,0.511520737327189,0.7478991596638656,0.8024691358024691,1.0,0.28883321403006434,1.0,0.23590667407607452,0.5645800105602348,0.5285610607579343,0.6031465845911476,4.1085184993727655,1442.755454859232
2079,6,15256,"sports highlights, hockey",Here are some hockey highlights and my take on recent NHL games.,"Disliked the presentation style. | Really boring, I didn't enjoy this. | Poor quality, needs improvement. | Not useful at all. | Too repetitive and unoriginal.",1525,61,43,118,44.83,2,negative,-0.8667080592364073,0.06664597038179637,False,0.10677766124803356,0.002818563188253802,0.00773466177241741,0.05975477704431862,0.6461468308253535,0.2384105960264901,0.4320987654320988,0.32352941176470584,0.261122518822724,0.0,0.7323068208482881,0.10655341202183598,0.0,0.36372409943901235,3.210853794040999,1113.285738570532
2080,6,8234,"nhl game, hockey analysis",Here are some hockey highlights and my take on recent NHL games. (variant 2),"Loved this video! | High quality and well presented. | Amazing content, keep it up! | Great explanation, very helpful. | This was super entertaining.",373,25,49,73,64.83,2,positive,0.9714829450473189,0.9857414725236595,True,0.054287102258926405,0.005950935146951664,0.008865678892397377,1.278112393274177,0.1208390332877337,0.0,0.5061728395061729,0.15808823529411764,0.9455852156057494,1.0,0.14589287456917407,0.8027935469420736,0.16884569665564766,0.48569261412681874,3.210853794040999,1486.606638026998
2081,9,11606,"music cover, acoustic guitar",I’m performing a guitar cover and adding my own style to the music.,"I learned something new. | Interesting perspective. | Not bad, could be better. | Thanks for sharing. | This was okay overall.",951,70,75,78,58.55,8,positive,0.8596485294401646,0.9298242647200823,False,0.09443391349302085,0.006462174737204894,0.0067206617266930896,1.0888242139872164,0.29445015416238435,0.27999999999999997,0.6413043478260869,0.007194244604316557,0.6656636576395855,0.9391606120655932,0.5391287328481462,1.0,0.0,0.541893515632376,4.214117947080811,1263.7534854522644
2082,5,4325,"soccer workout, endurance",Let’s train together! Today I’m going through a soccer workout to build stamina. (variant 4),"Amazing content, keep it up! | Loved this video! | High quality and well presented. | This was super entertaining. | Great explanation, very helpful.",338,36,13,55,43.43,3,positive,0.9714829450473189,0.9857414725236595,False,0.08947976878612716,0.003005780346820809,0.012716763005780347,0.8562150430340507,0.0,0.0,0.0,0.0862745098039216,0.12832664965366397,1.0,0.4054539131687075,0.0,0.7880411471882846,0.24511086788643105,4.677771040066769,514.9661772982778
2083,10,24839,"cooking, food, recipe","Here’s a cooking tutorial where I walk you through ingredients, preparation, and plating. (variant 4)","Too repetitive and unoriginal. | Not useful at all. | Disliked the presentation style. | Really boring, I didn't enjoy this. | Poor quality, needs improvement.",2247,181,152,336,40.55,5,negative,-0.8667080592364073,0.06664597038179637,True,0.10386891581786706,0.00611940899392085,0.013527114618140827,0.05404988197963685,0.9917808219178081,0.8186528497409327,1.0,1.0,0.051273985530040714,0.0,0.6639399745125892,0.7562552068632216,1.0,0.578290961887822,3.9778045579055163,1714.5071818169345
2084,10,4442,"homemade meal, cooking guide","In this video I’m preparing a homemade dish, explaining each step so you can follow along easily. (variant 2)","Thanks for sharing. | Not bad, could be better. | This was okay overall. | I learned something new. | Interesting perspective.",437,23,18,28,40.39,5,positive,0.8596485294401646,0.9298242647200823,False,0.10760918505177848,0.00405222872579919,0.006303466906798739,0.7511120410408825,0.0,0.0,0.0,0.0,0.04624095627555828,0.9391606120655935,0.7392619565034011,0.36074885316632693,0.14985239269449796,0.27904901919877717,3.9778045579055163,689.4331444235881
2085,11,20066,"fps, gaming",Watch this intense Valorant gameplay where I break down how I won clutch rounds. (variant 2),"Poor quality, needs improvement. | Not useful at all. | Really boring, I didn't enjoy this. | Disliked the presentation style. | Too repetitive and unoriginal.",800,161,150,204,67.82,9,negative,-0.8667080592364073,0.06664597038179637,True,0.055367287949765774,0.007475331406359015,0.01016645071264826,0.09039859422586859,0.14995269631031222,0.6,1.0,0.5789473684210528,1.0,0.0,0.12640265966372607,1.0,0.5442341694100683,0.5093480402382111,3.969391103486893,1261.0893162126342
2086,5,7826,"soccer drills, fitness",Follow along as I do exercises focused on strength and endurance for athletes. (variant 3),"Great explanation, very helpful. | This was super entertaining. | Amazing content, keep it up! | High quality and well presented. | Loved this video!",675,50,51,70,50.12,3,positive,0.9714829450473189,0.9857414725236595,False,0.09915665729619218,0.00651673907487861,0.008944543828264758,0.9881072520577162,0.19823529411764707,0.1590909090909091,0.3333333333333334,0.1450980392156863,0.37222019686474656,1.0,0.5904982478666769,0.7678467323227209,0.3848481549281223,0.44489863545072683,4.677771040066769,934.7106946291544
2087,8,3587,"skincare, makeup haul",I’m sharing my favorite skincare hacks and beauty advice in today’s video. (variant 3),"High quality and well presented. | Great explanation, very helpful. | Loved this video! | This was super entertaining. | Amazing content, keep it up!",241,36,13,46,64.71,0,positive,0.9714829450473189,0.9857414725236595,False,0.08084750487872874,0.0036241984945637024,0.01282408698076387,1.2757466137401199,0.038402457757296504,0.05042016806722683,0.0,0.0,0.7845382963493196,1.0,0.44876418183275407,0.27773689031249904,0.7634381459367497,0.3989115165307191,4.1085184993727655,954.2154116167249
2088,5,9105,"strength training, soccer",Follow along as I do exercises focused on strength and endurance for athletes. (variant 4),"Interesting perspective. | Not bad, could be better. | I learned something new. | Thanks for sharing. | This was okay overall.",776,77,69,88,67.34,3,positive,0.8596485294401646,0.9298242647200823,True,0.10126304228445909,0.007578253706754531,0.009665019220208676,1.2522873197250068,0.25764705882352945,0.4659090909090909,0.4912280701754386,0.21568627450980393,1.0,0.9391606120655933,0.6307771668979578,1.0,0.46185604218429194,0.6414200692274955,4.677771040066769,1347.5928013339856
2089,10,24461,"baking, kitchen tips","Here’s a cooking tutorial where I walk you through ingredients, preparation, and plating. (variant 5)","Not bad, could be better. | Thanks for sharing. | I learned something new. | Interesting perspective. | This was okay overall.",2262,216,53,301,43.92,5,positive,0.8596485294401646,0.9298242647200823,True,0.103470831118924,0.0021667143616368916,0.012305302317975553,0.8167576341301204,1.0,1.0,0.2611940298507463,0.8863636363636364,0.15728216420257946,0.9391606120655935,0.6559232979983024,0.0,0.8562055010059516,0.6354747859715385,3.9778045579055163,1570.0373402214934
2090,7,4853,"tech review, pc setup",This video explains a step-by-step PC guide for better productivity. (variant 3),"Really boring, I didn't enjoy this. | Not useful at all. | Too repetitive and unoriginal. | Poor quality, needs improvement. | Disliked the presentation style.",401,23,15,52,37.14,6,negative,-0.8667080592364073,0.06664597038179637,False,0.09045950958170204,0.0030908716257984753,0.01071502163610138,0.04950462679959835,0.06506180871828234,0.0,0.027777777777777783,0.0,0.0,0.0,0.5460850174304553,0.23328357401560204,0.659550613943913,0.10611398040086853,3.8486190693268734,270.970976866427
2091,9,14641,"acoustic guitar, cover song",I’m performing a guitar cover and adding my own style to the music. (variant 2),"This was okay overall. | Thanks for sharing. | I learned something new. | Not bad, could be better. | Interesting perspective.",1405,60,51,216,42.31,8,positive,0.8596485294401646,0.9298242647200823,False,0.10354483983334471,0.0034833686223618605,0.014753090635885526,0.7868172928061337,0.5277492291880781,0.17999999999999997,0.3804347826086957,1.0,0.1227014376462722,0.9391606120655932,0.6537619237690053,0.24167196538302713,1.0,0.5107681288126769,4.214117947080811,1191.1657630589784
2092,14,3537,"travel diary, exploring",Here’s a travel diary where I share experiences from my recent trip. (variant 2),"High quality and well presented. | Loved this video! | Amazing content, keep it up! | Great explanation, very helpful. | This was super entertaining.",272,16,23,33,63.05,1,positive,0.9714829450473189,0.9857414725236595,False,0.08792762227876731,0.006502685891998869,0.009329940627650551,1.2430199968523346,0.042924528301886776,0.015151515151515155,0.0862068965517241,0.03492063492063492,0.7732168850072778,1.0,0.5010404905114502,0.8055267544868453,0.4409954395283611,0.4401423722101858,8.141716455578218,531.2908117392248
2093,12,18255,"bible study, scripture reading",Today we’ll read a passage from the Bible and reflect on its meaning in our lives. (variant 2),"Not useful at all. | Really boring, I didn't enjoy this. | Too repetitive and unoriginal. | Disliked the presentation style. | Poor quality, needs improvement.",1308,110,94,272,36.54,4,negative,-0.8667080592364073,0.06664597038179637,False,0.0828266228430567,0.005149274171459874,0.01490002738975623,0.048704875155016786,0.5328467153284672,0.6721311475409837,0.5256410256410255,0.7611464968152867,0.004660194174757191,0.0,0.39002959009450494,0.5295456830421075,1.0,0.36173263580023224,6.110213788826047,581.8169721432452
2094,1,21240,"gaming, ranked match",Jump into the action with me as I play an FPS match and talk through strategies. (variant 6),"High quality and well presented. | Loved this video! | Great explanation, very helpful. | Amazing content, keep it up! | This was super entertaining.",1185,140,102,194,55.74,9,positive,0.9714829450473189,0.9857414725236595,True,0.06718455743879473,0.00480225988700565,0.009133709981167608,1.0989045935693755,0.33207190160832545,0.48648648648648646,0.5862068965517241,0.5350877192982456,0.5532544378698226,1.0,0.2729771822514234,0.1690996928445041,0.40215091608314024,0.5206413450287977,3.969391103486893,1289.0502876723085
2095,4,20320,"journey, travel guide",Here’s a travel diary where I share experiences from my recent trip. (variant 3),"Great explanation, very helpful. | Amazing content, keep it up! | High quality and well presented. | This was super entertaining. | Loved this video!",1029,89,68,139,42.69,1,positive,0.9714829450473189,0.9857414725236595,False,0.058366141732283466,0.0033464566929133858,0.0068405511811023625,0.8416260692407005,0.4,0.3838383838383838,0.3448275862068965,0.3714285714285714,0.18049490538573498,1.0,0.13248287238052908,0.22380085641823452,0.13793906288887348,0.38717090890252326,8.141716455578218,467.3495656410121
2096,7,7776,"pc, tech, windows",This video explains a step-by-step PC guide for better productivity. (variant 4),"Not useful at all. | Disliked the presentation style. | Poor quality, needs improvement. | Too repetitive and unoriginal. | Really boring, I didn't enjoy this.",720,66,51,100,62.83,6,negative,-0.8667080592364073,0.06664597038179637,True,0.1076388888888889,0.006558641975308642,0.01286008230452675,0.08374732638176531,0.2726089785296031,0.3257575757575758,0.3611111111111111,0.22535211267605634,1.0,0.0,0.8240275835352456,0.9523415789162948,0.9523636510481153,0.5033346432100163,3.8486190693268734,1285.30735955897
2097,12,4319,"bible, prayer",In this devotion I’ll share a verse and then guide a prayer session for encouragement. (variant 4),"Great explanation, very helpful. | Loved this video! | Amazing content, keep it up! | High quality and well presented. | This was super entertaining.",400,39,12,33,52.78,4,positive,0.9714829450473189,0.9857414725236595,False,0.10442231998147719,0.0027784209307710117,0.007640657559620283,1.040548698395975,0.02302077484559231,0.09016393442622953,0.0,0.0,0.6353398058252427,1.0,0.7081597773628758,0.021249310347033527,0.20649561447973816,0.39682390295629344,6.110213788826047,638.2583677619816
2098,12,17409,"christian, prayer session",Join me for a time of scripture reading and prayer together. (variant 2),"High quality and well presented. | Great explanation, very helpful. | This was super entertaining. | Loved this video! | Amazing content, keep it up!",829,91,61,186,55.22,4,positive,0.9714829450473189,0.9857414725236595,True,0.05635016370842667,0.0035039347463955424,0.010684128898845425,1.0886528822551296,0.26389668725435145,0.5163934426229508,0.3141025641025641,0.48726114649681534,0.7300970873786405,1.0,0.0,0.1767950162107006,0.5391702007578625,0.47621938669664887,6.110213788826047,765.9594247856901
2099,11,6142,"valorant, clutch gameplay",Here’s a ranked gaming match with commentary on positioning and decision making. (variant 3),"Too repetitive and unoriginal. | Really boring, I didn't enjoy this. | Not useful at all. | Disliked the presentation style. | Poor quality, needs improvement.",721,40,42,70,46.27,2,negative,-0.8667080592364073,0.06664597038179637,False,0.13073917290784762,0.006838163464669489,0.011396939107782481,0.061674180991314366,0.27952576379388966,0.09933774834437088,0.41975308641975306,0.14705882352941177,0.310403832991102,0.0,1.0,1.0,0.5467289195824526,0.37062459699665745,3.210853794040999,1134.4067628079022
2100,7,12463,"software tutorial, windows",Here’s a tech review where I go over setup and performance improvements.,"Disliked the presentation style. | Not useful at all. | Really boring, I didn't enjoy this. | Poor quality, needs improvement. | Too repetitive and unoriginal.",1127,89,59,87,51.98,6,negative,-0.8667080592364073,0.06664597038179637,True,0.10230281633635561,0.004734012677525475,0.006980662761774854,0.0692851508089155,0.5374105400130124,0.5,0.4351851851851852,0.1643192488262911,0.5776566757493187,0.0,0.7376960769276707,0.573996368503892,0.14978929123444118,0.44544758951730845,3.8486190693268734,1137.4878976202492
