video_id,user_id,views,captions,subtitles,top_comments,likes,comment_count,shares,saved_count,viewer_retention_percentage,cluster,sentiment_quality_score,analyzed_comments_count,score_interpretation,quality_sentiment_multiplier,score_edu_kw,score_edu_zs,score_eco_kw,score_eco_zs,score_educational,score_eco,total_score_raw,total_score,social_value_multiplier,quality_flag,engagement_rate,viral_coefficient,save_rate,overall_quality_score,norm_likes,norm_comment_count,norm_shares,norm_saved_count,norm_viewer_retention_percentage,norm_sentiment_quality_score,norm_engagement_rate,norm_viral_coefficient,norm_save_rate,norm_overall_quality_score,video_score,category_total_score,video_money
2001,1,14055,"fps, gaming",Here’s a ranked gaming match with commentary on positioning and decision making.,"Not useful at all. | Too repetitive and unoriginal. | Disliked the presentation style. | Really boring, I didn't enjoy this. | Poor quality, needs improvement.",1195,94,89,194,37.2,12,0.5,0,Average,1.0,0.5,0.18022431433200836,0.5,0.0011203810572624207,0.27615702003240583,0.1507842667400837,0.21347064338624477,0.2248072009998247,0.944961440199965,True,0.09804340092493774,0.006332266097474209,0.013802917111348274,0.4488,1.0,1.0,1.0,1.0,0.0,0.5,0.16060803415706412,0.687265065870349,1.0,0.0,0.5662425623909945,1.992775840477299,1956.6346357975044
2002,4,19998,"adventure, trip highlights","Join me as I explore a new city, sharing highlights and travel tips along the way.","High quality and well presented. | Great explanation, very helpful. | Amazing content, keep it up! | Loved this video! | This was super entertaining.",733,178,58,220,70.55,1,0.5,0,Average,1.0,0.5,0.008561786264181137,0.5,0.024745875969529152,0.15599325038492678,0.1673221131786704,0.1616576817817986,0.12810978267010145,0.9256219565340204,True,0.04845484548454845,0.0029002900290029,0.011001100110011002,0.5822,0.26037735849056604,0.8333333333333333,0.28735632183908044,0.6285714285714286,0.9915574963609898,0.5,0.008913833545982682,0.141567695617743,0.6444411230525425,0.9915574963609903,0.5582326451771908,7.2827370519842285,586.4672526269466
2003,13,4213,"funny, internet humor",This video is packed with comedy skits and internet humor for a good time.,"Disliked the presentation style. | Not useful at all. | Really boring, I didn't enjoy this. | Poor quality, needs improvement. | Too repetitive and unoriginal.",220,27,16,54,64.61,4,0.5,0,Average,1.0,0.2689414213699951,3.403111259103753e-05,0.5,0.00013393112749326974,0.08070624818981226,0.15009375178924528,0.11539999998952877,0.04178006383684137,0.9083560127673683,False,0.062425824827913604,0.0037977688108236413,0.012817469736529788,0.55844,0.014693534844668399,0.0,0.03973509933774833,0.06910569105691054,1.0,0.5,0.1461564404941887,0.3150860004822545,0.8111296424972326,1.0,0.39758438335852586,5.757026037420992,528.3896354587131
2004,14,5992,"adventure, trip highlights",In this vlog I’m taking you with me on an adventure to discover amazing places.,"Interesting perspective. | This was okay overall. | Not bad, could be better. | Thanks for sharing. | I learned something new.",490,38,38,41,40.33,1,0.5,0,Average,1.0,0.2689414213699951,0.0021295882761478424,0.5,0.001569197280332446,0.08217313820430201,0.15109843809623272,0.11663578815026737,0.0440863887610589,0.9088172777522118,False,0.09445927903871829,0.006341789052069426,0.006842456608811749,0.46132,0.14575471698113207,0.12626262626262627,0.17241379310344823,0.0603174603174603,0.11179039301310034,0.5,0.5824738901042386,0.7758717919348617,0.1381710282080628,0.11179039301310038,0.2860808580511309,7.2827370519842285,300.55041800207056
2005,15,16155,"soccer workout, endurance",Let’s train together! Today I’m going through a soccer workout to build stamina.,"Not bad, could be better. | This was okay overall. | I learned something new. | Interesting perspective. | Thanks for sharing.",1058,78,87,132,65.68,8,0.5,0,Average,1.0,0.5,0.6756349205970764,0.5,0.5875007510185242,0.6229444444179535,0.5612505257129669,0.5920974850654601,0.9314303502462328,1.0862860700492467,True,0.07570411637264005,0.005385329619312906,0.008170844939647167,0.56272,0.969044414535666,1.0,1.0,1.0,1.0,0.5,0.0,0.6890435083271241,0.3021514834649491,1.0,0.7519044414535667,3.2731911789273225,1757.5773389248238
2006,3,21523,"comedy, funny skit",I created this comedy sketch to brighten your day and make you smile.,"Amazing content, keep it up! | Great explanation, very helpful. | This was super entertaining. | High quality and well presented. | Loved this video!",2567,88,159,189,45.03,4,0.5,0,Average,1.0,0.5,0.00012125795910833403,0.5,0.0003585524682421237,0.15008488057137584,0.1502509867277695,0.15016793364957265,0.10666671230236417,0.9213333424604728,True,0.1307438554104911,0.007387445988012824,0.008781303721600148,0.48012,1.0,0.4013157894736842,0.9867549668874174,0.6178861788617885,0.30220955096222396,0.5,0.9944250037242807,1.0,0.3857146324278575,0.3022095509622237,0.5976210381859597,5.757026037420992,794.2383446806107
2007,1,7194,"valorant, tips and tricks",Jump into the action with me as I play an FPS match and talk through strategies.,"Disliked the presentation style. | Not useful at all. | Too repetitive and unoriginal. | Really boring, I didn't enjoy this. | Poor quality, needs improvement.",814,57,34,72,44.65,7,0.5,0,Average,1.0,0.5,0.56755131483078,0.5,0.006127377972006798,0.547285920381546,0.15428916458040476,0.3507875424809754,0.481078782942443,0.9962157565884886,False,0.12579927717542397,0.004726160689463442,0.010008340283569641,0.4786,0.1565752128666036,0.0,0.0,0.0,0.25195312499999983,0.5,1.0,0.26443702071512487,0.5204495697238032,0.2519531250000006,0.3110481462866604,3.306345891860704,359.8922570268619
2008,9,15975,"music cover, acoustic guitar",Watch this live music session where I share one of my favorite covers.,"Thanks for sharing. | Interesting perspective. | This was okay overall. | Not bad, could be better. | I learned something new.",698,142,71,155,63.04,9,0.5,0,Average,1.0,0.5,0.0007899368065409362,0.5,0.0004889073898084462,0.15055295576457864,0.1503422351728659,0.15044759546872227,0.10718863915386541,0.9214377278307732,True,0.05702660406885759,0.0044444444444444444,0.00970266040688576,0.55216,0.16443987667009247,1.0,0.5978260869565218,0.5611510791366907,0.8157806753594117,0.5,0.06847195406627149,0.4863373484860767,0.3712449514218575,0.8157806753594112,0.555290876132852,3.992410620626248,1064.163850354167
2009,7,20062,"tech review, pc setup",Join me as I dive into tech tips and highlight useful Windows shortcuts.,"High quality and well presented. | Great explanation, very helpful. | This was super entertaining. | Amazing content, keep it up! | Loved this video!",1667,155,77,265,62.51,5,0.5,0,Average,1.0,0.5,0.004903725348412991,0.7310585786300049,0.000807525182608515,0.1534326077438891,0.21988284121682744,0.18665772448035828,0.17476682585437145,0.9349533651708744,True,0.09465656464958629,0.0038381018841591066,0.013209051938989134,0.55004,0.8887443070917372,1.0,0.6018518518518519,1.0,0.9875437913585052,0.5,0.613988533313759,0.3882251775892413,1.0,0.9875437913585047,0.7445475714980231,3.8083790606935053,1495.806613736271
2010,9,18664,"acoustic guitar, cover song",Sit back and enjoy as I perform an acoustic guitar cover of a popular song.,"Not useful at all. | Disliked the presentation style. | Too repetitive and unoriginal. | Really boring, I didn't enjoy this. | Poor quality, needs improvement.",1729,104,63,126,65.61,9,0.5,0,Average,1.0,0.5,0.0014846056001260877,0.5,0.0006907625938765705,0.15103922392008826,0.15048353381571358,0.15076137886790092,0.1077742463779214,0.9215548492755843,True,0.10158594084869267,0.003375482211744535,0.00675096442348907,0.56244,0.6942446043165467,0.6199999999999999,0.5108695652173914,0.3525179856115108,0.901705115346038,0.5,0.6291151608697771,0.21420683788860903,0.003772544660968175,0.9017051153460383,0.6047422998446369,3.992410620626248,1158.9329519628852
2011,1,11425,"valorant, clutch gameplay",Jump into the action with me as I play an FPS match and talk through strategies. (variant 2),"This was okay overall. | Interesting perspective. | I learned something new. | Not bad, could be better. | Thanks for sharing.",483,80,67,154,40.78,7,0.5,0,Average,1.0,0.5,0.6199218034744263,0.5,0.005246446933597326,0.5839452624320983,0.15367251285351813,0.3688088876428082,0.5147116326776441,1.0029423265355288,False,0.05514223194748359,0.0058643326039387305,0.013479212253829321,0.46312,0.0,0.12921348314606743,0.3,0.35964912280701755,0.0,0.5,0.12361119619404458,0.9076722834935037,1.0,0.0,0.2599547746659703,3.306345891860704,300.77565706893773
2012,12,6229,"bible verse, reflection",Here’s a short Bible study where I reflect on scripture and pray with you.,"Not useful at all. | Disliked the presentation style. | Really boring, I didn't enjoy this. | Poor quality, needs improvement. | Too repetitive and unoriginal.",362,43,22,87,62.17,2,0.5,0,Average,1.0,0.5,0.004690972622483969,0.5,0.00035992939956486225,0.15328368083573876,0.1502519505796954,0.15176781570771708,0.10965253785380949,0.9219305075707619,False,0.06855032910579548,0.0035318670733665114,0.013966928881040296,0.5486800000000001,0.0016844469399213643,0.12295081967213112,0.06410256410256408,0.17197452229299362,1.0,0.5,0.17972288079855475,0.1827835355490596,0.8980052296392449,1.0,0.4211928205632172,5.8470255636666275,551.1491393295157
2013,2,15648,"bible study, scripture reading","Let’s open the Bible, read a few lines, and spend some quiet time in prayer.","High quality and well presented. | This was super entertaining. | Amazing content, keep it up! | Loved this video! | Great explanation, very helpful.",1478,150,112,90,52.44,2,0.5,0,Average,1.0,0.5,0.0018430338241159916,0.5,0.0030781724490225315,0.1512901236768812,0.15215472071431577,0.15172242219559848,0.10956782091629301,0.9219135641832586,True,0.1111963190184049,0.007157464212678937,0.005751533742331288,0.50976,0.6282987085906793,1.0,0.641025641025641,0.18152866242038213,0.622135922330097,0.5,0.8079488033137739,0.960089293298403,0.0,0.6221359223300967,0.5810689019016537,5.8470255636666275,760.353950824705
2014,10,5964,"homemade meal, cooking guide","Here’s a cooking tutorial where I walk you through ingredients, preparation, and plating.","Amazing content, keep it up! | Loved this video! | This was super entertaining. | Great explanation, very helpful. | High quality and well presented.",663,34,22,30,47.41,6,0.5,0,Average,1.0,0.7310585786300049,0.9986476302146912,0.5,0.004666919354349375,0.9183709147392852,0.15326684354804457,0.5358188791436649,0.8263987957603282,1.0652797591520657,False,0.12055667337357479,0.003688799463447351,0.005030181086519115,0.48963999999999996,0.12383561643835618,0.056994818652849714,0.02985074626865671,0.006493506493506536,0.2670651148159798,0.5,1.0,0.2912152064901541,0.0,0.26706511481597967,0.31899059537547586,3.8652747353824006,631.4234073296275
2015,10,8237,"baking, kitchen tips","In this video I’m preparing a homemade dish, explaining each step so you can follow along easily.","Disliked the presentation style. | Not useful at all. | Too repetitive and unoriginal. | Poor quality, needs improvement. | Really boring, I didn't enjoy this.",500,34,50,65,61.7,6,0.5,0,Average,1.0,0.5,0.9728801846504211,0.5,0.0054025547578930855,0.8310161292552948,0.15378178833052517,0.49239895879290996,0.7453651302066508,1.0490730260413301,False,0.0708995993687022,0.006070171178827243,0.007891222532475416,0.5468,0.03452054794520551,0.056994818652849714,0.23880597014925373,0.12012987012987011,0.7165775401069521,0.5,0.0,0.7468347083164891,0.336714584774473,0.7165775401069513,0.36222073233605123,3.8652747353824006,716.9949595154933
2016,9,14834,"cover, guitar, music",Here’s my version of a song on guitar — hope you like the performance.,"High quality and well presented. | Great explanation, very helpful. | Amazing content, keep it up! | This was super entertaining. | Loved this video!",764,136,80,134,65.58,9,0.5,0,Average,1.0,0.5,0.025840042158961296,0.5,0.002834543352946639,0.16808802951127289,0.15198418034706265,0.16003610492916776,0.12508346858927916,0.9250166937178559,True,0.06606444654172847,0.005393016044222732,0.009033301874073075,0.5623199999999999,0.19835560123329907,0.9399999999999998,0.6956521739130435,0.41007194244604317,0.9007021063189569,0.5,0.18218560765162473,0.7278194756272219,0.2879129306371282,0.900702106318956,0.5735013855586435,3.992410620626248,1099.0626154165786
2017,15,7279,"fitness, soccer, training",In this fitness video I’ll demonstrate drills that improve soccer performance.,"Poor quality, needs improvement. | Not useful at all. | Disliked the presentation style. | Really boring, I didn't enjoy this. | Too repetitive and unoriginal.",757,67,42,107,47.29,8,0.5,0,Average,1.0,0.5,0.02065187320113182,0.5,0.00035452720476314425,0.16445631124079227,0.15024816904333418,0.15735224014206323,0.12007462933318093,0.9240149258666362,False,0.11897238631680176,0.005770023354856436,0.014699821404039016,0.48916,0.5639300134589501,0.7380952380952381,0.3918918918918919,0.7474747474747474,0.28637951105937137,0.5,0.9643582368263612,0.8004388571163394,1.0,0.28637951105937126,0.5291582631198976,3.2731911789273225,1236.9079376182738
2018,14,24354,"adventure, vlog",Travel with me as I document my journey and show you the sights I visited.,"This was super entertaining. | Amazing content, keep it up! | Loved this video! | Great explanation, very helpful. | High quality and well presented.",2013,81,180,139,41.42,1,0.5,0,Average,1.0,0.5,0.002197550144046545,0.5,0.006623918190598488,0.1515382851008326,0.15463674273341893,0.15308751391712577,0.11211546230113985,0.922423092460228,True,0.09337275190933728,0.007390983000739098,0.005707481317237415,0.46568,0.8641509433962264,0.3434343434343434,0.9885057471264368,0.3714285714285714,0.14352256186317325,0.5,0.5689276182857614,0.9692491588937835,0.0,0.14352256186317294,0.4934127193225089,7.2827370519842285,518.3688277857924
2019,10,18968,"baking, kitchen tips","Here’s a cooking tutorial where I walk you through ingredients, preparation, and plating. (variant 2)","Too repetitive and unoriginal. | Disliked the presentation style. | Really boring, I didn't enjoy this. | Poor quality, needs improvement. | Not useful at all.",1383,83,57,243,70.71,6,0.5,0,Average,1.0,0.7310585786300049,0.9983569383621216,0.5,0.0020377659238874912,0.9181674304424866,0.15142643614672124,0.5347969332946039,0.8244915601533117,1.0648983120306623,True,0.08029312526360186,0.0030050611556305356,0.012811050189793336,0.58284,0.5183561643835617,0.310880829015544,0.29104477611940294,0.6980519480519479,1.0,0.5,0.18916792991020615,0.16039795306637175,0.9157267235664931,1.0,0.5638575102704492,3.8652747353824006,1116.1232824569327
2020,8,13264,"makeup, skincare",Here’s a step-by-step guide to achieving this makeup look.,"Great explanation, very helpful. | This was super entertaining. | Loved this video! | Amazing content, keep it up! | High quality and well presented.",704,99,38,129,68.17,3,0.5,0,Average,1.0,0.7310585786300049,0.9777387976646423,0.5,0.0942121371626854,0.9037347319542511,0.21594849601387978,0.5598416139840654,0.8712319102620649,1.074246382052413,True,0.06340470446320869,0.002864897466827503,0.009725572979493365,0.57268,0.5965116279069768,0.5798319327731093,0.017543859649122803,0.5488721804511278,1.0,0.5,1.0,0.0,0.4832975422617079,1.0,0.6076793214225715,2.148473844072521,1731.2410473316088
2021,4,16946,"travel diary, exploring",In this vlog I’m taking you with me on an adventure to discover amazing places. (variant 2),"Amazing content, keep it up! | Great explanation, very helpful. | High quality and well presented. | This was super entertaining. | Loved this video!",619,144,46,107,46.14,1,0.5,0,Average,1.0,0.2689414213699951,0.004566936753690243,0.5,0.002351455856114626,0.0838792821385817,0.15164601909928024,0.11776265061893097,0.046189428003715866,0.9092378856007431,False,0.04773987961760887,0.0027145048979110116,0.006314174436445179,0.48456,0.20660377358490567,0.6616161616161617,0.2183908045977011,0.2698412698412698,0.28093158660844253,0.5,0.0,0.10732556191479817,0.07385835860040255,0.28093158660844236,0.35359919505336906,7.2827370519842285,371.4837357607878
2022,6,3420,"hockey, nhl, sports",In this video I’ll discuss hockey strategies and show key sports moments.,"Not bad, could be better. | Thanks for sharing. | Interesting perspective. | This was okay overall. | I learned something new.",108,25,8,30,64.5,10,0.5,0,Average,1.0,0.5,0.007957551628351212,0.5,0.00016409852833021432,0.15557028613984583,0.15011486896983114,0.1528425775548385,0.11165834282456814,0.9223316685649137,False,0.0412280701754386,0.0023391812865497076,0.008771929824561403,0.558,0.0,0.0,0.0,0.0,0.9110699397869384,0.5,0.0,0.0,0.15485021737425284,0.9110699397869394,0.3572139879573877,2.050369378893417,1332.9673625748962
2023,1,12834,"fps, gaming highlights",Here’s a ranked gaming match with commentary on positioning and decision making. (variant 2),"Disliked the presentation style. | Too repetitive and unoriginal. | Poor quality, needs improvement. | Not useful at all. | Really boring, I didn't enjoy this.",1055,56,67,113,39.14,12,0.5,0,Average,1.0,0.5,0.18871116638183594,0.5,0.0010368615621700883,0.28209781646728516,0.15072580309351905,0.2164118097804021,0.2302962367234408,0.9460592473446882,False,0.09178743961352658,0.005220508025557114,0.008804737416238117,0.45656,0.7046413502109705,0.2962962962962963,0.5319148936170213,0.3467741935483871,0.05132275132275125,0.5,0.0,0.0,0.0,0.051322751322751596,0.36730129770589187,1.992775840477299,987.1547048691749
2024,8,22277,"skincare, makeup haul",In this video I’ll share a makeup tutorial with tips for beginners.,"Disliked the presentation style. | Really boring, I didn't enjoy this. | Poor quality, needs improvement. | Not useful at all. | Too repetitive and unoriginal.",1051,85,67,166,67.94,3,0.5,0,Average,1.0,0.7310585786300049,0.1628386527299881,0.5,0.0004436904564499855,0.33330463049999315,0.150310583319515,0.24180760690975406,0.2776918679089587,0.9555383735817917,True,0.054001885352605826,0.0030075862997710643,0.007451631727790995,0.57176,1.0,0.46218487394957986,0.5263157894736843,0.8270676691729323,0.9909377462568951,0.5,0.5793785008621164,0.04485257671524224,0.0,0.990937746256896,0.6860571800923553,2.148473844072521,2198.8515945194467
2025,13,4703,"jokes, memes",Laugh with me as I go through some hilarious memes and funny moments.,"Not useful at all. | Disliked the presentation style. | Really boring, I didn't enjoy this. | Too repetitive and unoriginal. | Poor quality, needs improvement.",554,31,32,37,63.11,4,0.5,0,Average,1.0,0.11920292202211755,0.00012339935346972197,0.5,0.0007523935055360198,0.03584725615406407,0.1505266754538752,0.09318696580396964,0.0003243548308320464,0.9000648709661664,False,0.13119285562406974,0.006804167552625983,0.007867318732723793,0.55244,0.154911838790932,0.026315789473684275,0.14569536423841056,0.0,0.9465431218816822,0.5,1.0,0.888709890529468,0.28937990986990275,0.9465431218816822,0.46647460783716543,5.757026037420992,619.944742053814
2026,13,4659,"comedy, funny skit",Laugh with me as I go through some hilarious memes and funny moments. (variant 2),"Not useful at all. | Disliked the presentation style. | Too repetitive and unoriginal. | Poor quality, needs improvement. | Really boring, I didn't enjoy this.",185,41,10,43,42.89,4,0.5,0,Average,1.0,0.11920292202211755,0.00012111706018913537,0.5,0.0007200525142252445,0.03584565854876765,0.15050403675995766,0.09317484765436265,0.0003017389882775408,0.9000603477976555,False,0.0506546469199399,0.0021463833440652502,0.009229448379480575,0.47156,0.0,0.09210526315789477,0.0,0.024390243902439063,0.22594440484675707,0.5,0.0,0.0,0.43294942491150157,0.22594440484675676,0.22999632641222686,5.757026037420992,305.6651120026787
2027,3,11431,"jokes, memes","Enjoy a set of jokes, memes, and funny clips I’ve put together.","Really boring, I didn't enjoy this. | Poor quality, needs improvement. | Too repetitive and unoriginal. | Disliked the presentation style. | Not useful at all.",808,52,49,167,46.35,4,0.5,0,Average,1.0,0.2689414213699951,0.0001349167723674327,0.5,0.00033165205968543887,0.08077686815165573,0.1502321564417798,0.11550451229671777,0.04197511291290098,0.9083950225825802,False,0.07952060187210218,0.004286589099816289,0.014609395503455516,0.4854,0.26154492023509657,0.16447368421052633,0.2582781456953642,0.5284552845528455,0.34925160370634367,0.5,0.3584131732828333,0.4083534010459821,1.0,0.34925160370634345,0.3879249726562398,5.757026037420992,515.5522788789292
2028,2,21267,"bible, prayer",Join me for a time of scripture reading and prayer together.,"This was okay overall. | I learned something new. | Interesting perspective. | Thanks for sharing. | Not bad, could be better.",1393,75,103,204,56.84,2,0.5,0,Average,1.0,0.5,0.005054788198322058,0.5,0.0036448435857892036,0.15353835173882543,0.15255139051005243,0.15304487112443893,0.11203587897226806,0.9224071757944536,True,0.07387031551229604,0.004843184276108525,0.009592326139088728,0.52736,0.5805727119595733,0.3852459016393443,0.5833333333333334,0.5445859872611465,0.7930097087378641,0.5,0.25809257921195816,0.463921889525264,0.4198278475974589,0.7930097087378642,0.5533372976789628,5.8470255636666275,724.0659396018999
2029,8,11043,"makeup tutorial, beauty tips",I’m sharing my favorite skincare hacks and beauty advice in today’s video.,"Great explanation, very helpful. | This was super entertaining. | Amazing content, keep it up! | High quality and well presented. | Loved this video!",562,76,36,160,48.45,11,0.5,0,Average,1.0,0.5,0.001296749571338296,0.5,0.001115225488319993,0.1509077246999368,0.15078065784182398,0.1508441912708804,0.10792879738843744,0.9215857594776875,False,0.061034139273748074,0.0032599837000814994,0.014488816444806665,0.4938,0.2563897763578275,0.4819277108433735,0.35384615384615387,0.7916666666666667,0.0,0.5,0.0,0.29955702482922664,1.0,0.0,0.35374447655453467,1.9560023611323256,691.8524184549896
2030,15,10292,"soccer workout, endurance",This training session covers soccer practice routines you can try yourself.,"This was okay overall. | Interesting perspective. | Not bad, could be better. | Thanks for sharing. | I learned something new.",1002,45,43,55,61.77,8,0.5,0,Average,1.0,0.8807970779778823,0.8013104796409607,0.5,0.005598763469606638,0.8251564591420371,0.15391913442872465,0.48953779678538084,0.7400254049528948,1.048005080990579,True,0.10590750097162845,0.004178002331908278,0.005343956471045472,0.54708,0.8936742934051143,0.21428571428571427,0.4054054054054054,0.2222222222222222,0.8482731858750484,0.5,0.67316957104265,0.33943905195833163,0.0,0.8482731858750485,0.5610495563941265,3.2731911789273225,1311.453865634649
2031,15,12294,"soccer drills, fitness",Let’s train together! Today I’m going through a soccer workout to build stamina. (variant 2),"Interesting perspective. | Not bad, could be better. | I learned something new. | This was okay overall. | Thanks for sharing.",1081,43,41,70,56.73,8,0.5,0,Average,1.0,0.5,0.6960300207138062,0.5,0.2810375988483429,0.6372210144996643,0.34672631919384,0.49197366684675214,0.744571416974355,1.048914283394871,True,0.09476167236050105,0.0033349601431592645,0.00569383439075972,0.5269199999999999,1.0,0.16666666666666669,0.37837837837837834,0.3737373737373737,0.6526969344198679,0.5,0.4247526215952419,0.09532023747586033,0.037396640740333914,0.6526969344198675,0.523816978940549,3.2731911789273225,1224.4226808265562
2032,3,20864,"comedy, meme",This video is packed with comedy skits and internet humor for a good time. (variant 2),"Not useful at all. | Too repetitive and unoriginal. | Poor quality, needs improvement. | Really boring, I didn't enjoy this. | Disliked the presentation style.",1989,176,77,110,43.25,4,0.5,0,Average,1.0,0.2689414213699951,3.862650191877037e-05,0.5,0.0002047338057309389,0.08070946496234167,0.15014331366401165,0.11542638931317667,0.04182931366524725,0.9083658627330494,True,0.10745782208588957,0.0036905674846625766,0.005272239263803681,0.473,0.7573467674223343,0.9802631578947368,0.4437086092715232,0.2967479674796748,0.23877405559515336,0.5,0.705294742457277,0.2946318801170148,0.015856532903278292,0.23877405559515302,0.5003268301399723,5.757026037420992,664.9343446406879
2033,14,24081,"travel diary, exploring",Travel with me as I document my journey and show you the sights I visited. (variant 2),"Amazing content, keep it up! | Great explanation, very helpful. | Loved this video! | This was super entertaining. | High quality and well presented.",902,211,182,281,57.35,1,0.5,0,Average,1.0,0.5,0.0024561097379773855,0.5,0.0056624384596943855,0.15171927681658418,0.15396370692178607,0.1528414918691851,0.11165631663273219,0.9223312633265465,True,0.053776836510111704,0.007557825671691375,0.011668950624974046,0.5294,0.3400943396226415,1.0,1.0,0.8222222222222223,0.6072780203784571,0.5,0.07526573134796988,1.0,0.7257447364675349,0.6072780203784569,0.5979558614545356,7.2827370519842285,628.1996122747521
2034,14,12012,"adventure, trip highlights","Join me as I explore a new city, sharing highlights and travel tips along the way. (variant 2)","Really boring, I didn't enjoy this. | Not useful at all. | Poor quality, needs improvement. | Too repetitive and unoriginal. | Disliked the presentation style.",742,70,54,87,36.49,1,0.5,0,Average,1.0,0.5,0.0064430697821080685,0.5,0.014652161858975887,0.15451014884747563,0.16025651330128313,0.15738333107437938,0.12013265367294726,0.9240265307345895,False,0.0720945720945721,0.004495504495504496,0.007242757242757243,0.44596,0.264622641509434,0.28787878787878785,0.26436781609195403,0.20634920634920637,0.0,0.5,0.303642012635537,0.4355823281439745,0.18690332273041085,0.0,0.2928192103098501,7.2827370519842285,307.62958646444037
2035,15,7825,"soccer workout, endurance",I’m sharing a fitness guide that mixes soccer drills with overall conditioning.,"Disliked the presentation style. | Really boring, I didn't enjoy this. | Poor quality, needs improvement. | Too repetitive and unoriginal. | Not useful at all.",601,40,34,84,39.91,8,0.5,0,Average,1.0,0.7310585786300049,0.4820204973220825,0.5,0.0008005479467101395,0.5567319217144592,0.1505603835626971,0.3536461526385781,0.4864137457334445,0.9972827491466889,False,0.08626198083067092,0.004345047923322683,0.01073482428115016,0.45964,0.3539703903095558,0.09523809523809526,0.2837837837837837,0.5151515151515151,0.0,0.5,0.23531247185380436,0.387810263132377,0.5762019704980715,0.0,0.3143814895732994,3.2731911789273225,734.8670274952541
2036,12,24734,"bible verse, reflection",In this devotion I’ll share a verse and then guide a prayer session for encouragement.,"Interesting perspective. | This was okay overall. | Thanks for sharing. | Not bad, could be better. | I learned something new.",1692,122,140,320,41.64,2,0.5,0,Average,1.0,0.7310585786300049,0.012397212907671928,0.5,0.008970009163022041,0.2279956226243718,0.15627900641411543,0.19213731451924362,0.18499326715125367,0.9369986534302508,True,0.07900056602247918,0.005660224791784588,0.012937656666936201,0.46656,0.7484559236384054,0.7704918032786886,0.8205128205128205,0.9140127388535032,0.20271844660194172,0.5,0.3336672432330886,0.6390903577103247,0.7854979411422137,0.20271844660194166,0.5488378889094725,5.8470255636666275,718.1782673773826
2037,1,24017,"fps, gaming highlights",Jump into the action with me as I play an FPS match and talk through strategies. (variant 3),"Not bad, could be better. | I learned something new. | Interesting perspective. | Thanks for sharing. | This was okay overall.",808,133,144,200,48.38,7,0.5,0,Average,1.0,0.5,0.6483029127120972,0.5,0.005687553435564041,0.603812038898468,0.15398128740489483,0.3788966631516814,0.5335382316249265,1.0067076463249853,True,0.045176333430486736,0.005995753008285798,0.008327434733730274,0.49352,0.1537369914853359,0.4269662921348315,1.0,0.5614035087719298,0.4947916666666668,0.5,0.0,0.9819442254115206,0.28820851140012,0.4947916666666669,0.47962968672984646,3.306345891860704,554.9462761794118
2038,12,11942,"bible study, scripture reading",Today we’ll read a passage from the Bible and reflect on its meaning in our lives.,"Amazing content, keep it up! | Great explanation, very helpful. | This was super entertaining. | High quality and well presented. | Loved this video!",567,84,71,89,36.42,2,0.5,0,Average,1.0,0.5,0.0015290863811969757,0.5,0.00021015392849221826,0.1510703604668379,0.15014710774994455,0.1506087341083912,0.10748936873902412,0.9214978737478049,False,0.06045888460894323,0.0059454027801038355,0.0074526879919611455,0.44567999999999997,0.1167883211678832,0.45901639344262296,0.3782051282051282,0.17834394904458595,0.0,0.5,0.060526323421592636,0.700230766803312,0.18594910978690865,0.0,0.28329189395668103,5.8470255636666275,370.6997743324986
2039,9,6314,"music cover, acoustic guitar",Sit back and enjoy as I perform an acoustic guitar cover of a popular song. (variant 2),"Really boring, I didn't enjoy this. | Not useful at all. | Disliked the presentation style. | Too repetitive and unoriginal. | Poor quality, needs improvement.",726,42,16,77,68.55,9,0.5,0,Average,1.0,0.5,0.002566638868302107,0.5,0.0007820949540473521,0.15179664720781147,0.15054746646783315,0.1511720568378223,0.10854068585998496,0.9217081371719971,False,0.12416851441241686,0.0025340513145391194,0.012195121951219513,0.5742,0.17882836587872558,0.0,0.0,0.0,1.0,0.5,0.9132479010673807,0.0,0.681544808726706,1.0,0.4568101896625892,3.992410620626248,875.4346797444136
2040,3,19834,"jokes, memes",Here’s a funny compilation of memes that had me laughing nonstop.,"Great explanation, very helpful. | Amazing content, keep it up! | This was super entertaining. | Loved this video! | High quality and well presented.",885,109,109,194,44.38,4,0.5,0,Average,1.0,0.11920292202211755,9.092818072531372e-05,0.5,0.0002882999542634934,0.03582452633314298,0.15020180996798443,0.09301316815056371,0.0,0.9,False,0.05561157608147625,0.005495613592820409,0.009781183825753756,0.47752,0.2938706968933669,0.5394736842105263,0.6556291390728477,0.6382113821138211,0.2790449037776196,0.5,0.06154754670229182,0.6390364848286787,0.4911027663656756,0.27904490377761937,0.43704632556953005,5.757026037420992,580.8345556621368
2041,5,5109,"fitness tips, soccer practice",Let’s train together! Today I’m going through a soccer workout to build stamina. (variant 3),"Disliked the presentation style. | Really boring, I didn't enjoy this. | Too repetitive and unoriginal. | Poor quality, needs improvement. | Not useful at all.",545,38,33,33,45.47,8,0.5,0,Average,1.0,0.5,0.7069630026817322,0.5,0.31768763065338135,0.6448741018772125,0.3723813414573669,0.5086277216672896,0.775652522087819,1.0551305044175638,False,0.12057154041886867,0.0064591896652965355,0.0064591896652965355,0.48188,0.278600269179004,0.04761904761904763,0.2702702702702703,0.0,0.21575475358944513,0.5,1.0,1.0,0.11920150646020804,0.21575475358944493,0.34684752847234024,3.2731911789273225,810.7564239500691
2042,7,17677,"tech, computer guide",This video explains a step-by-step PC guide for better productivity.,"Too repetitive and unoriginal. | Poor quality, needs improvement. | Really boring, I didn't enjoy this. | Not useful at all. | Disliked the presentation style.",1838,137,120,104,49.15,5,0.5,0,Average,1.0,0.8807970779778823,0.7002821564674377,0.5,0.0008518928079865873,0.7544366329205711,0.1505963249655906,0.45251647894308084,0.6709333139459346,1.034186662789187,True,0.11851558522373706,0.006788482208519546,0.005883351247383606,0.4966,1.0,0.8636363636363638,1.0,0.24413145539906103,0.4674970805760996,0.5,1.0,1.0,0.0,0.46749708057609957,0.6320034707460351,3.8083790606935053,1269.7039217308188
2043,10,7945,"easy dinner, food tutorial",Let’s bake and cook together — I’ll show you a simple way to create a delicious meal.,"Amazing content, keep it up! | Loved this video! | This was super entertaining. | High quality and well presented. | Great explanation, very helpful.",518,55,44,98,68.93,6,0.5,0,Average,1.0,0.5,0.9711980819702148,0.5,0.39691296219825745,0.8298386573791504,0.42783907353878015,0.6288388654589653,1.0,1.1,True,0.0776589049716803,0.005538074260541221,0.012334801762114538,0.57572,0.044383561643835646,0.1658031088082901,0.19402985074626863,0.22727272727272724,0.9440075495438821,0.5,0.13611969167403723,0.6450304703358886,0.859677276326919,0.9440075495438814,0.4331627509969054,3.8652747353824006,857.4205764304751
2044,4,24761,"travel diary, exploring","Join me as I explore a new city, sharing highlights and travel tips along the way. (variant 3)","Thanks for sharing. | This was okay overall. | Interesting perspective. | I learned something new. | Not bad, could be better.",1783,141,69,337,48.31,1,0.5,0,Average,1.0,0.5,0.006965636741369963,0.5,0.015673935413360596,0.15487594571895896,0.1609717547893524,0.15792385025415567,0.12114141301855436,0.9242282826037109,True,0.08048947942328662,0.0027866402810871934,0.013610112677193975,0.49324,0.7556603773584906,0.6464646464646464,0.3505747126436781,1.0,0.3441048034934498,0.5,0.4083054798335237,0.12062086397107677,0.9620603273573254,0.3441048034934498,0.5347430250044252,7.2827370519842285,561.789561117881
2045,4,14366,"travel diary, exploring",Here’s a travel diary where I share experiences from my recent trip.,"Great explanation, very helpful. | Loved this video! | This was super entertaining. | High quality and well presented. | Amazing content, keep it up!",1496,106,36,200,51.09,1,0.5,0,Average,1.0,0.5,0.000196309934835881,0.5,0.0010420684702694416,0.15013741695438512,0.1507294479291886,0.15043343244178686,0.10716220700063618,0.9214324414001273,False,0.11401921202840039,0.002505916747876932,0.013921759710427398,0.50436,0.6202830188679245,0.46969696969696967,0.16091954022988503,0.5650793650793651,0.4250363901018923,0.5,0.8263372616340221,0.0688805944389876,1.0,0.4250363901018925,0.4900548363282351,7.2827370519842285,514.8411078802869
2046,2,3930,"bible, prayer",Here’s a short Bible study where I reflect on scripture and pray with you. (variant 2),"High quality and well presented. | Loved this video! | Great explanation, very helpful. | Amazing content, keep it up! | This was super entertaining.",359,28,15,40,46.45,2,0.5,0,Average,1.0,0.5,0.007364580873399973,0.5,0.0004213125503156334,0.15515520661137996,0.15029491878522094,0.15272506269830044,0.11143902736969474,0.922287805473939,False,0.10229007633587786,0.003816793893129771,0.010178117048346057,0.4858,0.0,0.0,0.019230769230769214,0.02229299363057321,0.38951456310679616,0.5,0.6767493039741977,0.24387009564635506,0.4838592534040545,0.3895145631067962,0.3044277401856873,5.8470255636666275,398.35694912132993
2047,14,21842,"adventure, trip highlights",Come along on this adventure as I explore nature and cultural spots.,"I learned something new. | This was okay overall. | Thanks for sharing. | Not bad, could be better. | Interesting perspective.",2301,118,165,143,70.17,1,0.5,0,Average,1.0,0.5,0.0005542910075746477,0.5,0.03209599480032921,0.15038800370530225,0.17246719636023045,0.16142760003276635,0.12768038603946577,0.9255360772078932,True,0.11830418459848,0.007554253273509752,0.006547019503708452,0.58068,1.0,0.5303030303030303,0.9022988505747126,0.38412698412698415,0.9804949053857351,0.5,0.8797601367739046,0.999341569826087,0.10220473987916616,0.9804949053857349,0.7037490165457324,7.2827370519842285,739.3436335875455
2048,4,22818,"adventure, trip highlights",Travel with me as I document my journey and show you the sights I visited. (variant 3),"This was super entertaining. | Great explanation, very helpful. | Amazing content, keep it up! | High quality and well presented. | Loved this video!",2240,117,110,166,48.77,1,0.5,0,Average,1.0,0.5,0.0028307833708822727,0.5,0.006638186983764172,0.15198154835961758,0.15464673088863493,0.15331413962412627,0.11253840899469877,0.9225076817989398,True,0.10811639933385923,0.004820755543868876,0.007274958366202121,0.49508,0.9712264150943395,0.5252525252525252,0.5862068965517241,0.45714285714285713,0.35749636098981086,0.5,0.7527439724362043,0.4955294822550728,0.1908234629914927,0.3574963609898109,0.5426691691675906,7.2827370519842285,570.1165982975524
2049,10,11091,"home cooking, delicious recipe","Here’s a cooking tutorial where I walk you through ingredients, preparation, and plating. (variant 3)","This was super entertaining. | Amazing content, keep it up! | Loved this video! | Great explanation, very helpful. | High quality and well presented.",1023,76,82,106,38.92,6,0.5,0,Average,1.0,0.7310585786300049,0.9983685612678528,0.5,0.0023879928048700094,0.9181755664764985,0.151671594963409,0.5349235807199537,0.8247279195253725,1.0649455839050745,False,0.10648273374808404,0.00739338202145884,0.009557298710666306,0.45568,0.3210958904109589,0.27461139896373055,0.47761194029850745,0.2532467532467532,0.0,0.5,0.7165773475877828,1.0,0.5327942848204383,0.0,0.3523247846438652,3.8652747353824006,697.4065042408138
2050,2,19077,"bible verse, reflection",Here’s a short Bible study where I reflect on scripture and pray with you. (variant 3),"I learned something new. | Interesting perspective. | Not bad, could be better. | This was okay overall. | Thanks for sharing.",2140,139,91,258,59.03,2,0.5,0,Average,1.0,0.5,0.00783191341906786,0.5,0.00045940233394503593,0.1554823393933475,0.15032158163376153,0.1529019605135545,0.1117691679660541,0.9223538335932109,True,0.12423337002673376,0.004770142055878807,0.013524139015568485,0.53612,1.0,0.9098360655737705,0.5064102564102564,0.7165605095541401,0.8780582524271844,0.5,1.0,0.44826208614343455,0.8496049265361819,0.8780582524271844,0.7156956123277782,5.8470255636666275,936.5188614300266
2051,13,24613,"funny, meme compilation",I created this comedy sketch to brighten your day and make you smile. (variant 2),"Thanks for sharing. | I learned something new. | Interesting perspective. | This was okay overall. | Not bad, could be better.",2561,179,161,283,61.08,4,0.5,0,Average,1.0,0.5,0.00011562118743313476,0.5,0.00037902587791904807,0.1500809348312032,0.15026531811454333,0.15017312647287326,0.10667640355705146,0.9213352807114104,True,0.11786454312761549,0.006541258684435055,0.011497988867671555,0.54432,0.9974811083123426,1.0,1.0,1.0,0.8741981468282253,0.5,0.8345094494785952,0.8385466152451061,0.6720553415305864,0.8741981468282253,0.7880034016603809,5.757026037420992,1047.2565009377795
2052,1,15238,"valorant, clutch gameplay",Jump into the action with me as I play an FPS match and talk through strategies. (variant 4),"Thanks for sharing. | This was okay overall. | I learned something new. | Not bad, could be better. | Interesting perspective.",703,87,75,118,49.03,7,0.5,0,Average,1.0,0.5,0.6235508322715759,0.5,0.00511280819773674,0.5864855825901031,0.1535789657384157,0.3700322741642594,0.5169948126886003,1.00339896253772,False,0.056765979787373674,0.004921905761911012,0.007743798398739992,0.49612,0.10406811731315045,0.16853932584269665,0.3727272727272727,0.2017543859649123,0.537109375,0.5,0.1437512179355857,0.37506190216937446,0.20757083361551637,0.537109375,0.37382258392344025,3.306345891860704,432.5242090715849
2053,7,11768,"tech, computer guide",I’ll show you how to optimize your computer and explore new software features.,"Interesting perspective. | Thanks for sharing. | I learned something new. | Not bad, could be better. | This was okay overall.",1145,82,74,148,43.4,5,0.5,0,Average,1.0,0.7310585786300049,0.9381415843963623,0.5,0.0028973573353141546,0.876016682666455,0.1520281501347199,0.5140224164005874,0.785720525097747,1.0571441050195494,False,0.11055404486743711,0.00628823929299796,0.01257647858599592,0.4736,0.5491216655823031,0.44696969696969696,0.5740740740740741,0.4507042253521127,0.24367458154924093,0.5,0.871191448933715,0.8962723489312184,0.9136501230908772,0.24367458154924135,0.477865889993633,3.8083790606935053,960.0393394518558
2054,9,10003,"music cover, acoustic guitar",In this video I’ll play a guitar cover and talk about why I love this piece.,"High quality and well presented. | Great explanation, very helpful. | Loved this video! | Amazing content, keep it up! | This was super entertaining.",378,99,39,94,50.32,9,0.5,0,Average,1.0,0.5,0.0010836237343028188,0.5,0.00031707549351267517,0.15075853661401198,0.15022195284545886,0.15049024472973543,0.10726823455443578,0.9214536469108872,False,0.05158452464260722,0.0038988303508947315,0.009397180845746277,0.50128,0.0,0.57,0.25000000000000006,0.1223021582733813,0.3905048478769643,0.5,0.0,0.3474379212426632,0.3332141683806422,0.3905048478769635,0.3359311854027309,3.992410620626248,643.7811948249661
2055,12,22877,"bible study, scripture reading",In this devotion I’ll share a verse and then guide a prayer session for encouragement. (variant 2),"Too repetitive and unoriginal. | Not useful at all. | Disliked the presentation style. | Poor quality, needs improvement. | Really boring, I didn't enjoy this.",1563,137,168,339,51.37,2,0.5,0,Average,1.0,0.7310585786300049,0.03644079715013504,0.5,0.006149990949779749,0.244826131594096,0.15430499366484582,0.1995655626294709,0.1988564471882347,0.939771289437647,True,0.08165406303274031,0.007343620229925253,0.014818376535384885,0.5054799999999999,0.6760247052217855,0.8934426229508197,1.0,0.9745222929936305,0.5805825242718445,0.5,0.37275639582583403,1.0,0.9910749400373329,0.5805825242718438,0.6537395622197845,5.8470255636666275,855.4466730493798
2056,14,20266,"adventure, trip highlights",Come along on this adventure as I explore nature and cultural spots. (variant 2),"Thanks for sharing. | This was okay overall. | Not bad, could be better. | Interesting perspective. | I learned something new.",1332,180,73,188,70.84,1,0.5,0,Average,1.0,0.5,0.0005271073314361274,0.5,0.012371258810162544,0.15036897513200528,0.15865988116711377,0.1545144281495595,0.11477848171137253,0.9229556963422745,True,0.07820980953320833,0.0036020921740846736,0.009276620941478337,0.58336,0.5429245283018868,0.8434343434343433,0.3735632183908046,0.526984126984127,1.0,0.5,0.3798837063201546,0.27091713679028656,0.4345043415134194,1.0,0.6134137942848401,7.2827370519842285,644.4393852020468
2057,14,3752,"journey, travel guide","Join me as I explore a new city, sharing highlights and travel tips along the way. (variant 4)","High quality and well presented. | This was super entertaining. | Great explanation, very helpful. | Loved this video! | Amazing content, keep it up!",181,13,8,50,66.05,1,0.5,0,Average,1.0,0.5,0.0073869237676262856,0.5,0.016891492530703545,0.1551708466373384,0.16182404477149248,0.15849744570441543,0.12221190189794384,0.9244423803795888,False,0.05383795309168443,0.0021321961620469083,0.013326226012793176,0.5642,0.0,0.0,0.0,0.08888888888888888,0.8605531295487626,0.5,0.07602770203808226,0.0,0.9275001808889328,0.8605531295487631,0.3613214539413072,7.2827370519842285,379.5965754401039
2058,13,8005,"jokes, memes",I created this comedy sketch to brighten your day and make you smile. (variant 3),"Interesting perspective. | I learned something new. | This was okay overall. | Thanks for sharing. | Not bad, could be better.",916,73,51,41,57.73,4,0.5,0,Average,1.0,0.5,0.0001276571856578812,0.5,0.0004415228613652289,0.1500893600299605,0.15030906600295565,0.15019921301645808,0.10672508831352333,0.9213450176627047,False,0.12991880074953155,0.006371018113678951,0.005121798875702686,0.53092,0.3068849706129303,0.3026315789473684,0.271523178807947,0.016260162601626042,0.7548111190306486,0.5,0.9841807398620122,0.8060645438940415,0.0,0.7548111190306479,0.4785322331145104,5.757026037420992,635.9693257433821
2059,8,15547,"makeup tutorial, beauty tips",In this video I’ll share a makeup tutorial with tips for beginners. (variant 2),"Poor quality, needs improvement. | Not useful at all. | Really boring, I didn't enjoy this. | Disliked the presentation style. | Too repetitive and unoriginal.",599,149,94,189,42.79,3,0.5,0,Average,1.0,0.7310585786300049,0.18267248570919037,0.5,0.000606312183663249,0.3471883135854347,0.15042441852856428,0.24880636605699952,0.2907535019112138,0.9581507003822428,False,0.0541583585257606,0.006046182543255934,0.012156686177397569,0.47116,0.4744186046511628,1.0,1.0,1.0,0.0,0.5,0.5863781017151208,1.0,1.0,0.0,0.5434883275851747,2.148473844072521,1161.2736376215698
2060,8,6285,"beauty, skincare routine",Here’s a step-by-step guide to achieving this makeup look. (variant 2),"This was super entertaining. | Loved this video! | Amazing content, keep it up! | Great explanation, very helpful. | High quality and well presented.",191,30,37,56,60.08,3,0.5,0,Average,1.0,0.7310585786300049,0.9787344932556152,0.5,0.07178043574094772,0.9044317188679322,0.2002463050186634,0.5523390119432978,0.8572299650801612,1.0714459930160323,False,0.04105011933174224,0.0058870326173428794,0.008910103420843278,0.54032,0.0,0.0,0.0,0.0,0.6812450748620961,0.5,0.0,0.9499730699734307,0.3099797693466091,0.6812450748620966,0.31124901497241925,2.148473844072521,554.2058241758446
2061,15,12713,"fitness tips, soccer practice",Follow along as I do exercises focused on strength and endurance for athletes.,"Really boring, I didn't enjoy this. | Disliked the presentation style. | Too repetitive and unoriginal. | Not useful at all. | Poor quality, needs improvement.",751,39,78,127,62.56,0,0.5,0,Average,1.0,0.7310585786300049,0.4807361364364624,0.5,0.0018887465121224523,0.5558328690945251,0.1513221225584857,0.35357749582650544,0.486285612998457,0.9972571225996915,True,0.0682765672933218,0.0061354518996303,0.009989774246833949,0.5502400000000001,0.055759354365370536,0.0,0.35526315789473684,0.2614678899082568,0.7224157955865274,0.5,0.0,0.0,0.20124211367684924,0.7224157955865284,0.38673219933414194,1.749518205868856,1691.2781303025208
2062,9,19502,"music cover, acoustic guitar",Watch this live music session where I share one of my favorite covers. (variant 2),"Great explanation, very helpful. | Loved this video! | This was super entertaining. | High quality and well presented. | Amazing content, keep it up!",2324,124,108,136,38.64,9,0.5,0,Average,1.0,0.5,0.0015142079209908843,0.5,0.0006661830702796578,0.15105994554469362,0.15046632814919575,0.1507631368469447,0.10777752725648437,0.9215555054512969,True,0.13106348066864937,0.005537893549379551,0.0069736437288483236,0.45456,1.0,0.82,1.0,0.4244604316546763,0.0,0.5,1.0,0.7647015919886522,0.031495081377653715,0.0,0.5530460431654676,3.992410620626248,1059.8618346059336
2063,2,24260,"bible study, scripture reading",In this devotion I’ll share a verse and then guide a prayer session for encouragement. (variant 3),"Loved this video! | This was super entertaining. | Amazing content, keep it up! | High quality and well presented. | Great explanation, very helpful.",1306,104,65,347,49.28,2,0.5,0,Average,1.0,0.7310585786300049,0.03991340845823288,0.5,0.007189154624938965,0.24725695950976448,0.15503240823745726,0.20114468387361087,0.20180352727803316,0.9403607054556067,True,0.06079967023907667,0.0026793075020610057,0.014303380049464139,0.49712,0.5317237507018528,0.6229508196721312,0.33974358974358976,1.0,0.4994174757281553,0.5,0.0655464992296634,0.0,0.9347819036350281,0.4994174757281553,0.5164545497100222,5.8470255636666275,675.8032584574147
2064,14,3152,"journey, travel guide",In this vlog I’m taking you with me on an adventure to discover amazing places. (variant 3),"Amazing content, keep it up! | Great explanation, very helpful. | High quality and well presented. | Loved this video! | This was super entertaining.",330,31,19,22,47.44,1,0.5,0,Average,1.0,0.2689414213699951,0.004838760942220688,0.5,0.002518879482522607,0.08406955907055301,0.15176321563776582,0.11791638735415941,0.04647634357346307,0.9092952687146927,False,0.12055837563451777,0.006027918781725888,0.006979695431472081,0.48976,0.07028301886792454,0.09090909090909087,0.06321839080459768,0.0,0.3187772925764191,0.5,0.9078642527956908,0.7180222336880981,0.1548783780312816,0.31877729257641896,0.32292882445096166,7.2827370519842285,339.26210175273945
2065,7,6613,"tech review, pc setup",In this tutorial I’ll share useful Windows tips and tricks for your PC.,"Not bad, could be better. | Thanks for sharing. | I learned something new. | Interesting perspective. | This was okay overall.",301,61,13,70,55.97,5,0.5,0,Average,1.0,0.8807970779778823,0.6689523458480835,0.7310585786300049,0.0063408175483345985,0.7325057654870231,0.22375614587283568,0.47813095567992936,0.7187370621900315,1.0437474124380064,False,0.05670648722213821,0.001965824890367458,0.010585210948132466,0.52388,0.0,0.2878787878787879,0.00925925925925926,0.08450704225352111,0.7329700272479565,0.5,0.0,0.0,0.641830713359159,0.7329700272479565,0.3540009386311723,3.8083790606935053,711.1928982697129
2066,10,12183,"cooking, food, recipe",Welcome to my kitchen! Today I’ll guide you through a recipe and share some personal cooking tips.,"This was super entertaining. | High quality and well presented. | Loved this video! | Amazing content, keep it up! | Great explanation, very helpful.",1008,118,38,134,58.86,6,0.5,0,Average,1.0,0.7310585786300049,0.6940972208976746,0.5,0.0054741790518164635,0.7051856282173736,0.15383192533627152,0.4295087767768226,0.6279945331412211,1.0255989066282443,True,0.09554296971189362,0.0031191003857834686,0.010998932939341706,0.53544,0.3128767123287671,0.49222797927461137,0.14925373134328357,0.34415584415584416,0.6272412708398869,0.5,0.496271092025545,0.18221667917929582,0.7024595203210215,0.6272412708398869,0.4551940977345239,3.8652747353824006,901.0303512225912
2067,14,8691,"journey, travel guide","Join me as I explore a new city, sharing highlights and travel tips along the way. (variant 5)","Not bad, could be better. | I learned something new. | Thanks for sharing. | Interesting perspective. | This was okay overall.",1010,63,39,118,42.35,1,0.5,0,Average,1.0,0.5,0.007290485315024853,0.5,0.016172291710972786,0.1551033397205174,0.16132060419768093,0.15821197195909917,0.12167912837336248,0.9243358256746725,False,0.1279484524220458,0.0044874007594062825,0.013577263836152341,0.4694,0.3910377358490566,0.25252525252525254,0.17816091954022986,0.30476190476190473,0.17059679767103347,0.5,1.0,0.4340887252203307,0.9580613344489688,0.17059679767103325,0.386717435751346,7.2827370519842285,406.27704962693656
2068,13,19707,"funny, meme compilation","Enjoy a set of jokes, memes, and funny clips I’ve put together. (variant 2)","This was super entertaining. | High quality and well presented. | Loved this video! | Amazing content, keep it up! | Great explanation, very helpful.",1862,130,84,191,52.44,4,0.5,0,Average,1.0,0.2689414213699951,0.00014677320723421872,0.5,0.0003355038061272353,0.08078516765606249,0.15023485266428907,0.11551001016017579,0.04198537345748784,0.9083970746914976,True,0.10534327903790532,0.004262444816562643,0.009691987618612676,0.50976,0.7040302267002521,0.6776315789473684,0.4900662251655629,0.6260162601626017,0.5662865288667142,0.5,0.6790395887605717,0.4037466476270875,0.48170141735804967,0.5662865288667139,0.572011874505214,5.757026037420992,760.2037667946139
2069,8,12626,"beauty hacks, skincare tips",I’m sharing my favorite skincare hacks and beauty advice in today’s video. (variant 2),"Loved this video! | This was super entertaining. | Amazing content, keep it up! | Great explanation, very helpful. | High quality and well presented.",1493,111,34,168,70.73,11,0.5,0,Average,1.0,0.5,0.0016833931440487504,0.5,0.001052017556503415,0.15117837520083413,0.1507364122895524,0.15095739374519326,0.10814006473690826,0.9216280129473817,True,0.1297322984318074,0.002692856011405037,0.013305876762236655,0.58292,1.0,0.9036144578313253,0.3230769230769231,0.8472222222222222,1.0,0.5,1.0,0.0,0.6434354204364118,1.0,0.7343190711564207,1.9560023611323256,2872.358207514625
2070,13,17377,"jokes, memes",This video is packed with comedy skits and internet humor for a good time. (variant 3),"High quality and well presented. | This was super entertaining. | Great explanation, very helpful. | Loved this video! | Amazing content, keep it up!",1420,131,79,178,36.55,4,0.5,0,Average,1.0,0.2689414213699951,4.0493490814697e-05,0.5,0.00023105567379388958,0.08071077185456882,0.15016173897165572,0.11543625541311227,0.04184772655582932,0.9083695453111659,False,0.09380215227024227,0.004546239281809288,0.01024342521724118,0.4462,0.5184718723761546,0.6842105263157895,0.456953642384106,0.573170731707317,0.0,0.5,0.5357395706280448,0.4578949157410689,0.5398233654408187,0.0,0.42209823669598406,5.757026037420992,560.9685459260982
2071,3,11099,"funny, internet humor",I created this comedy sketch to brighten your day and make you smile. (variant 4),"Interesting perspective. | I learned something new. | Not bad, could be better. | This was okay overall. | Thanks for sharing.",1315,53,64,162,48.98,4,0.5,0,Average,1.0,0.5,0.00012713232717942446,0.5,0.0004389700770843774,0.15008899262902559,0.15030727905395905,0.15019813584149233,0.10672307800500105,0.9213446156010002,False,0.12902063248941345,0.005766285250923506,0.014595909541400127,0.49591999999999997,0.47439126784214947,0.17105263157894737,0.35761589403973515,0.508130081300813,0.4429793300071275,0.5,0.9730286634181761,0.6906809082006587,0.9985785692009777,0.4429793300071272,0.47940580728528337,5.757026037420992,637.130305794313
2072,1,24658,"gaming, ranked match",Jump into the action with me as I play an FPS match and talk through strategies. (variant 5),"Interesting perspective. | I learned something new. | Thanks for sharing. | Not bad, could be better. | This was okay overall.",2597,235,105,300,47.7,7,0.5,0,Average,1.0,0.5,0.6222283244132996,0.5,0.005321616772562265,0.5855598270893096,0.15372513174079358,0.36964247941505163,0.516267347113198,1.0032534694226396,True,0.1191094168221267,0.0042582528996674505,0.012166436856192717,0.4908,1.0,1.0,0.6454545454545454,1.0,0.4505208333333334,0.5,0.9170228716224795,0.0,0.8186213688701577,0.45052083333333365,0.6738412222256949,3.306345891860704,1247.4479786601182
2073,15,20370,"fitness, soccer, training",Follow along as I do exercises focused on strength and endurance for athletes. (variant 2),"Too repetitive and unoriginal. | Disliked the presentation style. | Not useful at all. | Really boring, I didn't enjoy this. | Poor quality, needs improvement.",2038,124,127,288,50.2,0,0.5,0,Average,1.0,0.7310585786300049,0.61704021692276,0.5,0.0009581330814398825,0.6512457254349334,0.1506706931570079,0.40095820929597065,0.5747112217504662,1.0149422443500933,True,0.11237113402061856,0.0062346588119784,0.014138438880706922,0.5008,1.0,1.0,1.0,1.0,0.004645760743322007,0.5,1.0,0.06875990302911912,1.0,0.00464576074332157,0.6259291521486645,1.749518205868856,2737.3471564315564
2074,6,20924,"sports, hockey recap",I’m reviewing hockey plays and sharing my perspective as a fan.,"Amazing content, keep it up! | High quality and well presented. | Great explanation, very helpful. | Loved this video! | This was super entertaining.",2301,176,71,302,66.42,10,0.5,0,Average,1.0,0.5,0.003073525382205844,0.5,0.000362848280929029,0.1521514677675441,0.1502539937966503,0.1512027307820972,0.1085979319839185,0.9217195863967838,True,0.12177403938061557,0.003393232651500669,0.01443318677117186,0.56568,1.0,1.0,1.0,1.0,1.0,0.5,1.0,0.2918392021414368,1.0,1.0,0.8250000000000002,2.050369378893417,3078.5414658943123
2075,7,4086,"tech review, pc setup",This video explains a step-by-step PC guide for better productivity. (variant 2),"I learned something new. | Interesting perspective. | This was okay overall. | Thanks for sharing. | Not bad, could be better.",355,27,12,53,51.34,5,0.5,0,Average,1.0,0.8807970779778823,0.5035455226898193,0.5,0.001177624799311161,0.6167209892762382,0.1508243373595178,0.383772663317878,0.542638206095524,1.0085276412191049,False,0.09642682329907,0.002936857562408223,0.01297112090063632,0.50536,0.035133376707872414,0.030303030303030346,0.0,0.004694835680751165,0.5527442584663295,0.5,0.6426292788790466,0.2013480552279503,0.967521053839197,0.5527442584663296,0.336939964877904,3.8083790606935053,676.9171604205197
2076,11,11754,"valorant, clutch gameplay",Watch this intense Valorant gameplay where I break down how I won clutch rounds.,"Not bad, could be better. | I learned something new. | Thanks for sharing. | This was okay overall. | Interesting perspective.",730,50,76,73,66.91,13,0.5,0,Average,1.0,0.2689414213699951,0.046256691217422485,0.5,0.000710928114131093,0.11306211026319427,0.15049764967989177,0.131779879971543,0.0723494823329957,0.9144698964665992,False,0.07282627190743576,0.0064658839543985025,0.006210651693040667,0.5676399999999999,0.0,0.0,0.0,0.0,0.0,0.5,1.0,0.0,0.0,0.0,0.245,1.0,1874.5164273505704
2077,11,23392,"fps, gaming",In this session I’ll share tips and tricks for improving aim and movement in FPS games.,"Too repetitive and unoriginal. | Disliked the presentation style. | Not useful at all. | Really boring, I didn't enjoy this. | Poor quality, needs improvement.",1814,119,141,146,56.14,7,0.5,0,Average,1.0,0.7310585786300049,0.32824552059173584,0.5,0.0026021397206932306,0.44908943800321655,0.15182149780448526,0.3004554679038509,0.3871451122917889,0.9774290224583578,True,0.08866279069767442,0.006027701778385773,0.006241450068399453,0.52456,0.6296121097445602,0.348314606741573,0.9727272727272727,0.32456140350877194,1.0,0.5,0.5393806681726186,1.0,0.0,1.0,0.6333118939094697,3.306345891860704,1465.522618424364
2078,8,17008,"beauty, skincare routine",Watch me go through my skincare routine and explain why I use these products.,"This was super entertaining. | Great explanation, very helpful. | Amazing content, keep it up! | Loved this video! | High quality and well presented.",857,119,78,190,50.86,11,0.5,0,Average,1.0,0.5,0.9392720460891724,0.5,0.17803990840911865,0.8074904322624207,0.274627935886383,0.5410591840744019,0.8361786643949616,1.0672357328789923,True,0.06197083725305738,0.004586077140169332,0.011171213546566321,0.50344,0.4920127795527157,1.0,1.0,1.0,0.10816876122082567,0.5,0.01363497931806544,1.0,0.0,0.10816876122082564,0.5267894787517013,1.9560023611323256,1442.4106626828125
2079,6,15256,"sports highlights, hockey",Here are some hockey highlights and my take on recent NHL games.,"Disliked the presentation style. | Really boring, I didn't enjoy this. | Poor quality, needs improvement. | Not useful at all. | Too repetitive and unoriginal.",1525,61,43,118,44.83,10,0.5,0,Average,1.0,0.5,0.0016876293811947107,0.5,0.0008724337676540017,0.1511813405668363,0.1506107036373578,0.15089602210209704,0.10802552815644094,0.9216051056312882,False,0.10677766124803356,0.002818563188253802,0.00773466177241741,0.47931999999999997,0.6461468308253534,0.23841059602649003,0.5555555555555556,0.3235294117647059,0.0,0.5,0.8138159081011078,0.13272828665316175,0.0,0.0,0.40356314106375824,2.050369378893417,1505.922259237982
2080,6,8234,"nhl game, hockey analysis",Here are some hockey highlights and my take on recent NHL games. (variant 2),"Loved this video! | High quality and well presented. | Amazing content, keep it up! | Great explanation, very helpful. | This was super entertaining.",373,25,49,73,64.83,10,0.5,0,Average,1.0,0.5,0.0015207831747829914,0.5,0.0007469529518857598,0.15106454822234808,0.15052286706632004,0.15079370764433406,0.10783458087959898,0.9215669161759198,False,0.054287102258926405,0.005950935146951664,0.008865678892397377,0.55932,0.1208390332877337,0.0,0.6507936507936508,0.1580882352941176,0.9263547938860581,0.5,0.1621314165358439,1.0,0.16884569665564772,0.9263547938860591,0.464592249872271,2.050369378893417,1733.6563708665667
2081,9,11606,"music cover, acoustic guitar",I’m performing a guitar cover and adding my own style to the music.,"I learned something new. | Interesting perspective. | Not bad, could be better. | Thanks for sharing. | This was okay overall.",951,70,75,78,58.55,9,0.5,0,Average,1.0,0.5,0.01613333262503147,0.5,0.008851715363562107,0.16129333283752204,0.15619620075449347,0.15874476679600774,0.12267347194364092,0.9245346943887283,False,0.09443391349302085,0.006462174737204894,0.0067206617266930896,0.5342,0.29445015416238435,0.27999999999999997,0.6413043478260869,0.007194244604316557,0.6656636576395855,0.5,0.5391287328481462,1.0,0.0,0.6656636576395852,0.46256661748656613,3.992410620626248,886.4663437978738
2082,5,4325,"soccer workout, endurance",Let’s train together! Today I’m going through a soccer workout to build stamina. (variant 4),"Amazing content, keep it up! | Loved this video! | High quality and well presented. | This was super entertaining. | Great explanation, very helpful.",338,36,13,55,43.43,8,0.5,0,Average,1.0,0.5,0.7156733870506287,0.5,0.3104435205459595,0.6509713709354401,0.36731046438217163,0.5091409176588059,0.7766102887535353,1.0553220577507072,False,0.08947976878612716,0.003005780346820809,0.012716763005780347,0.47372000000000003,0.0,0.0,0.0,0.2222222222222222,0.13659293752425308,0.5,0.3070301606638602,0.0,0.7880411471882846,0.1365929375242534,0.24603292097354307,3.2731911789273225,575.1021841241313
2083,10,24839,"cooking, food, recipe","Here’s a cooking tutorial where I walk you through ingredients, preparation, and plating. (variant 4)","Too repetitive and unoriginal. | Not useful at all. | Disliked the presentation style. | Really boring, I didn't enjoy this. | Poor quality, needs improvement.",2247,181,152,336,40.55,6,0.5,0,Average,1.0,0.7310585786300049,0.9984015822410583,0.5,0.0024634788278490305,0.9181986811577423,0.15172443517949433,0.5349615581686183,0.8247987960228145,1.064959759204563,True,0.10386891581786706,0.00611940899392085,0.013527114618140827,0.4622,0.9917808219178081,0.8186528497409327,1.0,1.0,0.051273985530040714,0.5,0.6639399745125892,0.7562552068632216,1.0,0.05127398553004106,0.5964009054929448,3.8652747353824006,1180.54104835776
2084,10,4442,"homemade meal, cooking guide","In this video I’m preparing a homemade dish, explaining each step so you can follow along easily. (variant 2)","Thanks for sharing. | Not bad, could be better. | This was okay overall. | I learned something new. | Interesting perspective.",437,23,18,28,40.39,6,0.5,0,Average,1.0,0.5,0.9743192791938782,0.5,0.004282932262867689,0.8320234954357147,0.15299805258400737,0.49251077400986104,0.7455738085464781,1.0491147617092957,False,0.10760918505177848,0.00405222872579919,0.006303466906798739,0.46155999999999997,0.0,0.0,0.0,0.0,0.04624095627555828,0.5,0.7392619565034011,0.36074885316632693,0.14985239269449796,0.04624095627555829,0.23599652821034975,3.8652747353824006,467.1414584656994
2085,11,20066,"fps, gaming",Watch this intense Valorant gameplay where I break down how I won clutch rounds. (variant 2),"Poor quality, needs improvement. | Not useful at all. | Really boring, I didn't enjoy this. | Disliked the presentation style. | Too repetitive and unoriginal.",800,161,150,204,67.82,13,0.5,0,Average,1.0,0.2689414213699951,0.032400403171777725,0.5,0.000662134843878448,0.10336270863124293,0.1504634943907149,0.12691310151097893,0.06326671813372113,0.9126533436267442,True,0.055367287949765774,0.007475331406359015,0.01016645071264826,0.57128,1.0,1.0,1.0,1.0,1.0,0.5,0.0,1.0,1.0,1.0,0.7550000000000001,1.0,5776.571031223188
2086,5,7826,"soccer drills, fitness",Follow along as I do exercises focused on strength and endurance for athletes. (variant 3),"Great explanation, very helpful. | This was super entertaining. | Amazing content, keep it up! | High quality and well presented. | Loved this video!",675,50,51,70,50.12,0,0.5,0,Average,1.0,0.7310585786300049,0.6529322862625122,0.5,0.001010049832984805,0.67637017397276,0.15070703488308937,0.41353860442792467,0.5981897432083746,1.019637948641675,False,0.09915665729619218,0.00651673907487861,0.008944543828264758,0.50048,0.0,0.12941176470588234,0.0,0.0,0.0,0.5,0.7003150794937746,0.2642685733865868,0.0,0.0,0.2343749967410348,1.749518205868856,1024.9813875346526
2087,8,3587,"skincare, makeup haul",I’m sharing my favorite skincare hacks and beauty advice in today’s video. (variant 3),"High quality and well presented. | Great explanation, very helpful. | Loved this video! | This was super entertaining. | Amazing content, keep it up!",241,36,13,46,64.71,11,0.5,0,Average,1.0,0.5,0.0017592967487871647,0.5,0.001158192753791809,0.151231507724151,0.15081073492765426,0.15102112132590262,0.10825899815318425,0.9216517996306369,False,0.08084750487872874,0.0036241984945637024,0.01282408698076387,0.55884,0.0,0.0,0.0,0.0,0.7298025134649906,0.5,0.2884118853810112,0.49193539466071373,0.4982131632071555,0.729802513464991,0.3411493346696689,1.9560023611323256,667.2188765868532
2088,5,9105,"strength training, soccer",Follow along as I do exercises focused on strength and endurance for athletes. (variant 4),"Interesting perspective. | Not bad, could be better. | I learned something new. | Thanks for sharing. | This was okay overall.",776,77,69,88,67.34,0,0.5,0,Average,1.0,0.7310585786300049,0.6168856024742126,0.5,0.00102433399297297,0.6511374953209503,0.15071703379508108,0.4009272645580157,0.5746534702500988,1.0149306940500198,True,0.10126304228445909,0.007578253706754531,0.009665019220208676,0.56936,0.07410124724871607,0.4470588235294118,0.2368421052631579,0.0825688073394495,1.0,0.5,0.7480847968218498,1.0,0.1387158162938143,1.0,0.5024818576450149,1.749518205868856,2197.4807843050266
2089,10,24461,"baking, kitchen tips","Here’s a cooking tutorial where I walk you through ingredients, preparation, and plating. (variant 5)","Not bad, could be better. | Thanks for sharing. | I learned something new. | Interesting perspective. | This was okay overall.",2262,216,53,301,43.92,6,0.5,0,Average,1.0,0.7310585786300049,0.9984259009361267,0.5,0.0024029987398535013,0.9182157042442901,0.15168209911789746,0.5349489016810938,0.8247751754917572,1.0649550350983514,True,0.103470831118924,0.0021667143616368916,0.012305302317975553,0.47568,1.0,1.0,0.2611940298507463,0.8863636363636364,0.15728216420257946,0.5,0.6559232979983024,0.0,0.8562055010059516,0.1572821642025795,0.5471268303218353,3.8652747353824006,1083.005870554364
2090,7,4853,"tech review, pc setup",This video explains a step-by-step PC guide for better productivity. (variant 3),"Really boring, I didn't enjoy this. | Not useful at all. | Too repetitive and unoriginal. | Poor quality, needs improvement. | Disliked the presentation style.",401,23,15,52,37.14,5,0.5,0,Average,1.0,0.8807970779778823,0.5194181203842163,0.5,0.001132208970375359,0.6278318076623162,0.15079254627926275,0.38931217697078946,0.552976481547295,1.010595296309459,False,0.09045950958170204,0.0030908716257984753,0.01071502163610138,0.44855999999999996,0.06506180871828234,0.0,0.027777777777777783,0.0,0.0,0.5,0.5460850174304553,0.23328357401560204,0.659550613943913,0.0,0.2225099098697379,3.8083790606935053,447.02555960979214
2091,9,14641,"acoustic guitar, cover song",I’m performing a guitar cover and adding my own style to the music. (variant 2),"This was okay overall. | Thanks for sharing. | I learned something new. | Not bad, could be better. | Interesting perspective.",1405,60,51,216,42.31,9,0.5,0,Average,1.0,0.5,0.01709476299583912,0.5,0.006361362989991903,0.16196633409708738,0.15445295409299434,0.15820964409504085,0.12167478393062668,0.9243349567861253,False,0.10354483983334471,0.0034833686223618605,0.014753090635885526,0.46924,0.5277492291880781,0.17999999999999997,0.3804347826086957,1.0,0.1227014376462722,0.5,0.6537619237690053,0.24167196538302713,1.0,0.12270143764627188,0.45052202337276215,3.992410620626248,863.3839878669396
2092,14,3537,"travel diary, exploring",Here’s a travel diary where I share experiences from my recent trip. (variant 2),"High quality and well presented. | Loved this video! | Amazing content, keep it up! | Great explanation, very helpful. | This was super entertaining.",272,16,23,33,63.05,1,0.5,0,Average,1.0,0.5,0.000169277613167651,0.5,0.0011292118579149246,0.15011849432921734,0.15079044830054045,0.15045447131487888,0.10720147139799095,0.9214402942795982,False,0.08792762227876731,0.006502685891998869,0.009329940627650551,0.5522,0.042924528301886776,0.015151515151515155,0.0862068965517241,0.03492063492063492,0.7732168850072778,0.5,0.5010404905114502,0.8055267544868453,0.4409954395283611,0.7732168850072783,0.38233353852680285,7.2827370519842285,401.67142116129816
2093,12,18255,"bible study, scripture reading",Today we’ll read a passage from the Bible and reflect on its meaning in our lives. (variant 2),"Not useful at all. | Really boring, I didn't enjoy this. | Too repetitive and unoriginal. | Disliked the presentation style. | Poor quality, needs improvement.",1308,110,94,272,36.54,2,0.5,0,Average,1.0,0.5,0.0007460892084054649,0.5,0.00018951832316815853,0.15052226244588382,0.1501326628262177,0.15032746263605076,0.10696443782631622,0.9213928875652633,False,0.0828266228430567,0.005149274171459874,0.01490002738975623,0.44616,0.5328467153284672,0.6721311475409837,0.5256410256410255,0.7611464968152867,0.004660194174757191,0.5,0.39002959009450494,0.5295456830421075,1.0,0.004660194174757603,0.4389680257233234,5.8470255636666275,574.408768998174
2094,1,21240,"gaming, ranked match",Jump into the action with me as I play an FPS match and talk through strategies. (variant 6),"High quality and well presented. | Loved this video! | Great explanation, very helpful. | Amazing content, keep it up! | This was super entertaining.",1185,140,102,194,55.74,7,0.5,0,Average,1.0,0.5,0.6270288825035095,0.5,0.005197771824896336,0.5889202177524566,0.15363844027742743,0.37127932901494204,0.5193221643944758,1.0038644328788953,True,0.06718455743879473,0.00480225988700565,0.009133709981167608,0.52296,0.3320719016083255,0.46629213483146065,0.6181818181818182,0.5350877192982456,0.9739583333333333,0.5,0.2729771822514235,0.30744430872297585,0.399606928035088,0.9739583333333326,0.5747375841196221,3.306345891860704,797.9868408783918
2095,4,20320,"journey, travel guide",Here’s a travel diary where I share experiences from my recent trip. (variant 3),"Great explanation, very helpful. | Amazing content, keep it up! | High quality and well presented. | This was super entertaining. | Loved this video!",1029,89,68,139,42.69,1,0.5,0,Average,1.0,0.5,0.00017681988538242877,0.5,0.001247452455572784,0.1501237739197677,0.15087321671890094,0.15049849531933432,0.10728363245274548,0.9214567264905491,False,0.058366141732283466,0.0033464566929133858,0.0068405511811023625,0.47076,0.4,0.3838383838383838,0.3448275862068965,0.3714285714285714,0.18049490538573498,0.5,0.13248287238052908,0.22380085641823452,0.13793906288887348,0.18049490538573507,0.36270546861440156,7.2827370519842285,381.05059159257627
2096,7,7776,"pc, tech, windows",This video explains a step-by-step PC guide for better productivity. (variant 4),"Not useful at all. | Disliked the presentation style. | Poor quality, needs improvement. | Too repetitive and unoriginal. | Really boring, I didn't enjoy this.",720,66,51,100,62.83,5,0.5,0,Average,1.0,0.8807970779778823,0.5205898284912109,0.5,0.0012324240524321795,0.6286520033372123,0.15086269683670253,0.3897573500869574,0.5538072985805282,1.0107614597161056,True,0.1076388888888889,0.006558641975308642,0.01286008230452675,0.55132,0.2726089785296031,0.3257575757575758,0.3611111111111111,0.22535211267605634,1.0,0.5,0.8240275835352456,0.9523415789162948,0.9523636510481153,1.0,0.5446497571397503,3.8083790606935053,1094.2090741903057
2097,12,4319,"bible, prayer",In this devotion I’ll share a verse and then guide a prayer session for encouragement. (variant 4),"Great explanation, very helpful. | Loved this video! | Amazing content, keep it up! | High quality and well presented. | This was super entertaining.",400,39,12,33,52.78,2,0.5,0,Average,1.0,0.7310585786300049,0.0386182963848114,0.5,0.007107887417078018,0.24635038105836946,0.1549755211919546,0.20066295112516203,0.2009044797876483,0.9401808959575297,False,0.10442231998147719,0.0027784209307710117,0.007640657559620283,0.51112,0.02302077484559231,0.09016393442622953,0.0,0.0,0.6353398058252427,0.5,0.7081597773628758,0.021249310347033527,0.20649561447973816,0.6353398058252427,0.3611543378191074,5.8470255636666275,472.5861713121167
2098,12,17409,"christian, prayer session",Join me for a time of scripture reading and prayer together. (variant 2),"High quality and well presented. | Great explanation, very helpful. | This was super entertaining. | Loved this video! | Amazing content, keep it up!",829,91,61,186,55.22,2,0.5,0,Average,1.0,0.5,0.005046873353421688,0.5,0.0028628557920455933,0.1535328113473952,0.1520039990544319,0.15276840520091356,0.11151991655218606,0.9223039833104373,True,0.05635016370842667,0.0035039347463955424,0.010684128898845425,0.52088,0.26389668725435145,0.5163934426229508,0.3141025641025641,0.48726114649681534,0.7300970873786405,0.5,0.0,0.1767950162107006,0.5391702007578625,0.7300970873786405,0.46885693267093725,5.8470255636666275,613.5197047393136
2099,11,6142,"valorant, clutch gameplay",Here’s a ranked gaming match with commentary on positioning and decision making. (variant 3),"Too repetitive and unoriginal. | Really boring, I didn't enjoy this. | Not useful at all. | Disliked the presentation style. | Poor quality, needs improvement.",721,40,42,70,46.27,12,0.5,0,Average,1.0,0.5,0.19339869916439056,0.5,0.0011278260499238968,0.2853790894150734,0.15078947823494673,0.21808428382501005,0.23341753914138988,0.946683507828278,False,0.13073917290784762,0.006838163464669489,0.011396939107782481,0.48508,0.0,0.0,0.0,0.0,0.23994708994709,0.5,1.0,1.0,0.5186291509447688,0.23994708994709,0.292989417989418,1.992775840477299,1124.9070848514218
2100,7,12463,"software tutorial, windows",Here’s a tech review where I go over setup and performance improvements.,"Disliked the presentation style. | Not useful at all. | Really boring, I didn't enjoy this. | Poor quality, needs improvement. | Too repetitive and unoriginal.",1127,89,59,87,51.98,5,0.5,0,Average,1.0,0.5,0.0013290271162986755,0.5,0.0018206167733296752,0.15093031898140907,0.15127443174133076,0.15110237536136992,0.10841064081585508,0.9216821281631711,True,0.10230281633635561,0.004734012677525475,0.006980662761774854,0.5079199999999999,0.5374105400130124,0.5,0.4351851851851852,0.1643192488262911,0.5776566757493187,0.5,0.7376960769276707,0.573996368503892,0.14978929123444118,0.5776566757493181,0.4958615579372495,3.8083790606935053,996.1928911644811
3001,1,14055,"fps, gaming",Here’s a ranked gaming match with commentary on positioning and decision making.,"Not useful at all. | Too repetitive and unoriginal. | Disliked the presentation style. | Really boring, I didn't enjoy this. | Poor quality, needs improvement.",1195,94,89,194,75.0,12,0.5,0,Average,1.0,0.5,0.18022431433200836,0.5,0.0011203810572624207,0.27615702003240583,0.1507842667400837,0.21347064338624477,0.2248072009998247,0.944961440199965,True,0.09804340092493774,0.006332266097474209,0.013802917111348274,0.6000000000000001,1.0,1.0,1.0,1.0,1.0,0.5,0.16060803415706412,0.687265065870349,1.0,1.0,0.7662425623909946,1.992775840477299,2941.9208825469213
