video_id,user_id,views,captions,subtitles,top_comments,likes,comment_count,shares,saved_count,viewer_retention_percentage,video_file,use_ai_description,combine_descriptions,cluster,sentiment_score,analyzed_comments_count,sentiment_interpretation,sentiment_variance,score_edu_kw,score_edu_zs,score_eco_kw,score_eco_zs,score_educational,score_eco,total_score_raw,total_score,social_value_multiplier,combined_multiplier,quality_sentiment_multiplier,content_flag,engagement_rate,viral_coefficient,save_rate,overall_score,norm_likes,norm_comment_count,norm_shares,norm_saved_count,norm_viewer_retention_percentage,norm_sentiment_score,norm_engagement_rate,norm_viral_coefficient,norm_save_rate,norm_overall_score,video_score,category_total_score,video_money
2001,1,14055,"fps, gaming",Here’s a ranked gaming match with commentary on positioning and decision making.,"Not useful at all. | Too repetitive and unoriginal. | Disliked the presentation style. | Really boring, I didn't enjoy this. | Poor quality, needs improvement.",1195,94,89,194,37.2,,,,9,0.25179546177387235,5,Negative,0.012456013976944968,0.5,0.18022967875003815,0.5,0.0011203717440366745,0.2761607751250267,0.15078426022082567,0.2134725176729262,0.2248112325762431,0.9449622465152486,0.9487400386029167,0.9487400386029167,True,0.09804340092493774,0.006332266097474209,0.013802917111348274,0.29987727706432343,0.49566803465572273,0.45695364238410596,1.0,0.6029411764705883,0.0,0.0,0.5582613088642392,0.7053899820951339,0.936549098054538,0.0,0.3841396646406491,3.649261007152886,1050.3032030296051
2002,4,19998,"adventure, trip highlights","Join me as I explore a new city, sharing highlights and travel tips along the way.","High quality and well presented. | Great explanation, very helpful. | Amazing content, keep it up! | Loved this video! | This was super entertaining.",733,178,58,220,70.55,,,,2,0.7489507388323545,5,Positive,0.0170368024621816,0.5,0.008561844937503338,0.5,0.024745678529143333,0.15599329145625232,0.16732197497040033,0.16165763321332632,0.12810999596769415,0.9256219991935388,1.0125397031945913,1.0125397031945913,True,0.04845484548454845,0.0029002900290029,0.011001100110011002,0.7315704432994128,0.26037735849056604,0.8333333333333333,0.28735632183908044,0.6285714285714286,0.9915574963609898,1.0,0.008913833545982682,0.141567695617743,0.6444411230525425,1.0,0.6444639260444169,8.461923484876074,759.9061903051895
2003,13,4213,"funny, internet humor",This video is packed with comedy skits and internet humor for a good time.,"Disliked the presentation style. | Not useful at all. | Really boring, I didn't enjoy this. | Poor quality, needs improvement. | Too repetitive and unoriginal.",220,27,16,54,64.61,,,,6,0.25179546177387235,5,Negative,0.012456013976944966,0.2689414213699951,3.4031276300083846e-05,0.5,0.00013393214612733573,0.08070624830440859,0.15009375250228912,0.11540000040334886,0.04178016348882902,0.9083560326977659,0.9377581744576718,0.9377581744576718,True,0.062425824827913604,0.0037977688108236413,0.012817469736529788,0.4095172770643234,0.014693534844668399,0.0,0.03973509933774833,0.06910569105691054,1.0,0.0,0.1461564404941887,0.3150860004822545,0.8111296424972326,0.2581924648636153,0.17676737947258866,5.677439890014892,310.65621212508995
2004,14,5992,"adventure, trip highlights",In this vlog I’m taking you with me on an adventure to discover amazing places.,"Interesting perspective. | This was okay overall. | Not bad, could be better. | Thanks for sharing. | I learned something new.",490,38,38,41,40.33,,,,2,0.5935958933085204,5,Neutral,0.026196112352528556,0.2689414213699951,0.0021295826882123947,0.5,0.0015692176530137658,0.08217313429274721,0.15109845235710964,0.11663579332492843,0.04408650277637511,0.9088173005552751,0.9857486152297753,0.9857486152297753,True,0.09445927903871829,0.006341789052069426,0.006842456608811749,0.5174775359851123,0.14575471698113207,0.12626262626262627,0.17241379310344823,0.0603174603174603,0.11179039301310034,0.6875124278212998,0.5824738901042386,0.7758717919348617,0.1381710282080628,0.5073036445773328,0.30415311481157736,8.461923484876074,358.63579853807545
2005,15,16155,"soccer workout, endurance",Let’s train together! Today I’m going through a soccer workout to build stamina.,"Not bad, could be better. | This was okay overall. | I learned something new. | Interesting perspective. | Thanks for sharing.",1058,78,87,132,65.68,,,,4,0.5935958933085204,5,Neutral,0.026196112352528562,0.5,0.675636351108551,0.5,0.5874978303909302,0.6229454457759857,0.5612484812736511,0.5920969635248183,0.9314315889846824,1.0862863177969366,1.0389893204022738,1.0389893204022738,True,0.07570411637264005,0.005385329619312906,0.008170844939647167,0.6188775359851122,0.42352941176470593,0.4772727272727273,0.649122807017544,0.38823529411764707,0.9394823186292381,0.6875124278212997,0.14203179838120586,0.5204074655399608,0.302151483464949,0.9086703678730439,0.5811570881220366,4.275163927394312,1356.348310390615
2006,3,21523,"comedy, funny skit",I created this comedy sketch to brighten your day and make you smile.,"Amazing content, keep it up! | Great explanation, very helpful. | This was super entertaining. | High quality and well presented. | Loved this video!",2567,88,159,189,45.03,,,,6,0.7489507388323545,5,Positive,0.0170368024621816,0.5,0.00012125760258641094,0.5,0.0003585531667340547,0.15008488032181047,0.15025098721671384,0.15016793376926216,0.10666696553176094,0.9213333931063522,1.0112531213684353,1.0112531213684353,True,0.1307438554104911,0.007387445988012824,0.008781303721600148,0.6294904432994127,1.0,0.4013157894736842,0.9867549668874174,0.6178861788617885,0.30220955096222396,1.0,0.9944250037242807,1.0,0.3857146324278575,0.9119150016280207,0.7828451905984096,5.677439890014892,1375.7952531584506
2007,1,7194,"valorant, tips and tricks",Jump into the action with me as I play an FPS match and talk through strategies.,"Disliked the presentation style. | Not useful at all. | Too repetitive and unoriginal. | Really boring, I didn't enjoy this. | Poor quality, needs improvement.",814,57,34,72,44.65,,,,5,0.25179546177387235,5,Negative,0.012456013976944968,0.5,0.5675531625747681,0.5,0.006127346772700548,0.5472872138023376,0.15428914274089037,0.35078817827161396,0.4810811118609542,0.9962162223721909,0.9641162313599994,0.9641162313599994,True,0.12579927717542397,0.004726160689463442,0.010008340283569641,0.3296772770643234,0.1565752128666036,0.037837837837837826,0.0,0.0,0.1431213017751479,0.0,1.0,0.14544493981814166,0.5224815228225762,0.0,0.12949501773680328,3.907932069840111,330.6256302090493
2008,9,15975,"music cover, acoustic guitar",Watch this live music session where I share one of my favorite covers.,"Thanks for sharing. | Interesting perspective. | This was okay overall. | Not bad, could be better. | I learned something new.",698,142,71,155,63.04,,,,8,0.5935958933085204,5,Neutral,0.026196112352528562,0.5,0.0007899550837464631,0.5,0.0004889073898084462,0.15055296855862252,0.1503422351728659,0.1504476018657442,0.10718890533828238,0.9214377810676565,0.9895347593834898,0.9895347593834898,True,0.05702660406885759,0.0044444444444444444,0.00970266040688576,0.6083175359851122,0.16443987667009247,1.0,0.5978260869565218,0.5611510791366907,0.8157806753594117,0.6875124278212997,0.06847195406627149,0.4863373484860767,0.3712449514218575,0.6533125075621394,0.5901779670421996,4.191158901684127,1405.0097206581706
2009,7,20062,"tech review, pc setup",Join me as I dive into tech tips and highlight useful Windows shortcuts.,"High quality and well presented. | Great explanation, very helpful. | This was super entertaining. | Amazing content, keep it up! | Loved this video!",1667,155,77,265,62.51,,,,7,0.7489507388323545,5,Positive,0.0170368024621816,0.5,0.004903780296444893,0.7310585786300049,0.0008075361256487668,0.15343264620751143,0.2198828488769556,0.18665774754223352,0.17476728365971614,0.9349534567319433,1.0153391404561125,1.0153391404561125,True,0.09465656464958629,0.0038381018841591066,0.013209051938989134,0.6994104432994127,0.8887443070917372,1.0,0.6018518518518519,1.0,0.9875437913585052,1.0,0.613988533313759,0.3882251775892413,1.0,1.0,0.8908400752104148,3.454314055179228,2573.16946957757
2010,9,18664,"acoustic guitar, cover song",Sit back and enjoy as I perform an acoustic guitar cover of a popular song.,"Not useful at all. | Disliked the presentation style. | Too repetitive and unoriginal. | Really boring, I didn't enjoy this. | Poor quality, needs improvement.",1729,104,63,126,65.61,,,,8,0.25179546177387235,5,Negative,0.012456013976944968,0.5,0.0014846218982711434,0.5,0.0006907714996486902,0.1510392353287898,0.1504835400497541,0.15076138768927194,0.10777451847786242,0.9215549036955725,0.9417178357570138,0.9417178357570138,True,0.10158594084869267,0.003375482211744535,0.00675096442348907,0.4135172770643234,0.6942446043165467,0.6199999999999999,0.5108695652173914,0.3525179856115108,0.901705115346038,0.0,0.6291151608697771,0.21420683788860903,0.003772544660968175,0.0,0.47600390416272964,4.191158901684127,1133.2007458219034
2011,1,11425,"valorant, clutch gameplay",Jump into the action with me as I play an FPS match and talk through strategies. (variant 2),"This was okay overall. | Interesting perspective. | I learned something new. | Not bad, could be better. | Thanks for sharing.",483,80,67,154,40.78,,,,5,0.5935958933085204,5,Neutral,0.026196112352528562,0.5,0.6199248433113098,0.5,0.00524644972756505,0.5839473903179169,0.15367251480929553,0.3688099525636062,0.5147148423631348,1.002942968472627,1.0139863156049809,1.0139863156049809,True,0.05514223194748359,0.0058643326039387305,0.013479212253829321,0.5192775359851122,0.0,0.16216216216216217,0.2844827586206896,0.3596491228070176,0.0,0.6875124278212997,0.12361119619404455,0.4992354712297551,1.0,0.5533299487759783,0.27986378818411317,3.907932069840111,714.5459567342618
2012,12,6229,"bible verse, reflection",Here’s a short Bible study where I reflect on scripture and pray with you.,"Not useful at all. | Disliked the presentation style. | Really boring, I didn't enjoy this. | Poor quality, needs improvement. | Too repetitive and unoriginal.",362,43,22,87,62.17,,,,0,0.25179546177387235,5,Negative,0.012456013976944966,0.5,0.004690933506935835,0.5,0.00035993088386021554,0.1532836534548551,0.15025195161870214,0.15176780253677863,0.10965277337141491,0.921930554674283,0.941830531050627,0.941830531050627,True,0.06855032910579548,0.0035318670733665114,0.013966928881040296,0.3997572770643234,0.0016844469399213643,0.12295081967213112,0.06410256410256408,0.17197452229299362,1.0,0.0,0.17972288079855475,0.1827835355490596,0.8980052296392449,0.274842845454381,0.2061974327102123,6.266901119398733,328.29243489698143
2013,2,15648,"bible study, scripture reading","Let’s open the Bible, read a few lines, and spend some quiet time in prayer.","High quality and well presented. | This was super entertaining. | Amazing content, keep it up! | Loved this video! | Great explanation, very helpful.",1478,150,112,90,52.44,,,,0,0.7489507388323545,5,Positive,0.0170368024621816,0.5,0.0018430263735353947,0.5,0.003078125650063157,0.15129011846147478,0.1521546879550442,0.15172240320825947,0.10956804537761955,0.9219136090755239,1.0114271861591866,1.0114271861591866,True,0.1111963190184049,0.007157464212678937,0.005751533742331288,0.6591304432994127,0.6282987085906793,1.0,0.641025641025641,0.18152866242038213,0.622135922330097,1.0,0.8079488033137739,0.960089293298403,0.0,0.9701887198453696,0.7365078112991027,6.266901119398733,1172.6137397250625
2014,10,5964,"homemade meal, cooking guide","Here’s a cooking tutorial where I walk you through ingredients, preparation, and plating.","Amazing content, keep it up! | Loved this video! | This was super entertaining. | Great explanation, very helpful. | High quality and well presented.",663,34,22,30,47.41,,,,3,0.7489507388323545,5,Positive,0.0170368024621816,0.7310585786300049,0.9986476302146912,0.5,0.004666940774768591,0.9183709147392852,0.153266858542338,0.5358188866408116,0.8264007723497885,1.0652801544699577,1.054437149777517,1.054437149777517,True,0.12055667337357479,0.003688799463447351,0.005030181086519115,0.6390104432994127,0.12383561643835618,0.056994818652849714,0.02985074626865671,0.006493506493506536,0.2670651148159798,1.0,1.0,0.2912152064901541,0.0,0.7909731716764489,0.40060145051614154,3.9159977832460084,1020.7057089738225
2015,10,8237,"baking, kitchen tips","In this video I’m preparing a homemade dish, explaining each step so you can follow along easily.","Disliked the presentation style. | Not useful at all. | Too repetitive and unoriginal. | Poor quality, needs improvement. | Really boring, I didn't enjoy this.",500,34,50,65,61.7,,,,3,0.25179546177387235,5,Negative,0.012456013976944966,0.5,0.9728801250457764,0.5,0.005402572453022003,0.8310160875320435,0.1537818007171154,0.4923989441245794,0.745366872948439,1.0490733745896879,0.9799733770252484,0.9799733770252484,True,0.0708995993687022,0.006070171178827243,0.007891222532475416,0.3978772770643234,0.03452054794520551,0.056994818652849714,0.23880597014925373,0.12012987012987011,0.7165775401069521,0.0,0.0,0.7468347083164891,0.336714584774473,0.20543296556891746,0.16733797398154066,3.9159977832460084,426.36596834835797
2016,9,14834,"cover, guitar, music",Here’s my version of a song on guitar — hope you like the performance.,"High quality and well presented. | Great explanation, very helpful. | Amazing content, keep it up! | This was super entertaining. | Loved this video!",764,136,80,134,65.58,,,,8,0.7489507388323545,5,Positive,0.0170368024621816,0.5,0.025839976966381073,0.5,0.002834551502019167,0.16808798387646673,0.15198418605141342,0.16003608496394006,0.1250837280801658,0.9250167456160332,1.0123581271213395,1.0123581271213395,True,0.06606444654172847,0.005393016044222732,0.009033301874073075,0.7116904432994127,0.19835560123329907,0.9399999999999998,0.6956521739130435,0.41007194244604317,0.9007021063189569,1.0,0.18218560765162473,0.7278194756272219,0.2879129306371282,1.0,0.6875885250765292,4.191158901684127,1636.9105854411891
2017,15,7279,"fitness, soccer, training",In this fitness video I’ll demonstrate drills that improve soccer performance.,"Poor quality, needs improvement. | Not useful at all. | Disliked the presentation style. | Really boring, I didn't enjoy this. | Too repetitive and unoriginal.",757,67,42,107,47.29,,,,4,0.25179546177387235,5,Negative,0.012456013976944966,0.5,0.02065221220254898,0.5,0.0003545292711351067,0.1644565485417843,0.15024817048979458,0.15735235951578944,0.12007513697240514,0.924015027394481,0.9424558728666864,0.9424558728666864,True,0.11897238631680176,0.005770023354856436,0.014699821404039016,0.3402372770643234,0.24647058823529414,0.3522727272727273,0.25438596491228077,0.2901960784313726,0.2690484870579658,0.0,0.9694205005473903,0.6045399919127565,1.0,0.08704545275744725,0.26433173119048686,4.275163927394312,616.9173607455969
2018,14,24354,"adventure, vlog",Travel with me as I document my journey and show you the sights I visited.,"This was super entertaining. | Amazing content, keep it up! | Loved this video! | Great explanation, very helpful. | High quality and well presented.",2013,81,180,139,41.42,,,,2,0.7489507388323545,5,Positive,0.0170368024621816,0.5,0.002197546185925603,0.5,0.0066238632425665855,0.1515382823301479,0.15463670426979662,0.15308749329997226,0.11211568977222647,0.9224231379544453,1.0115800448228631,1.0115800448228631,True,0.09337275190933728,0.007390983000739098,0.005707481317237415,0.6150504432994127,0.8641509433962264,0.3434343434343434,0.9885057471264368,0.3714285714285714,0.14352256186317325,1.0,0.5689276182857614,0.9692491588937835,0.0,0.7318501577001354,0.6732960756757147,8.461923484876074,793.9030178997237
2019,10,18968,"baking, kitchen tips","Here’s a cooking tutorial where I walk you through ingredients, preparation, and plating. (variant 2)","Too repetitive and unoriginal. | Disliked the presentation style. | Really boring, I didn't enjoy this. | Poor quality, needs improvement. | Not useful at all.",1383,83,57,243,70.71,,,,3,0.25179546177387235,5,Negative,0.012456013976944968,0.7310585786300049,0.9983568787574768,0.5,0.0020377766340970993,0.9181673887192352,0.15142644364386795,0.5347969161815516,0.824493486282888,1.0648986972565777,0.9847209738253154,0.9847209738253154,True,0.08029312526360186,0.0030050611556305356,0.012811050189793336,0.43391727706432337,0.5183561643835617,0.310880829015544,0.29104477611940294,0.6980519480519479,1.0,0.0,0.18916792991020615,0.16039795306637175,0.9157267235664931,0.29294838021553427,0.3936544697553213,3.9159977832460084,1003.0052665176992
2020,8,13264,"makeup, skincare",Here’s a step-by-step guide to achieving this makeup look.,"Great explanation, very helpful. | This was super entertaining. | Loved this video! | Amazing content, keep it up! | High quality and well presented.",704,99,38,129,68.17,,,,1,0.7489507388323545,5,Positive,0.0170368024621816,0.7310585786300049,0.9777389168739319,0.5,0.09421108663082123,0.9037348154007537,0.21594776064157484,0.5598412880211643,0.8712333710135617,1.0742466742027124,1.0571271056973433,1.0571271056973433,True,0.06340470446320869,0.002864897466827503,0.009725572979493365,0.7220504432994127,0.39400921658986177,0.5798319327731092,0.3086419753086419,0.5763888888888888,0.9083750894774516,1.0,0.2520752800429328,0.05130471303297328,0.32313223869256386,0.9750276285048137,0.6390386854314898,4.404995834172233,1447.4784658361407
2021,4,16946,"travel diary, exploring",In this vlog I’m taking you with me on an adventure to discover amazing places. (variant 2),"Amazing content, keep it up! | Great explanation, very helpful. | High quality and well presented. | This was super entertaining. | Loved this video!",619,144,46,107,46.14,,,,2,0.7489507388323545,5,Positive,0.0170368024621816,0.2689414213699951,0.0045669786632061005,0.5,0.0023514810018241405,0.0838793114752428,0.15164603670127688,0.11776267408825984,0.046189581157443343,0.9092379162314886,1.007624478305976,1.007624478305976,True,0.04773987961760887,0.0027145048979110116,0.006314174436445179,0.6339304432994127,0.20660377358490567,0.6616161616161617,0.2183908045977011,0.2698412698412698,0.28093158660844253,1.0,0.0,0.10732556191479817,0.07385835860040255,0.7752990851170719,0.46226699109672376,8.461923484876074,545.0724763824002
2022,6,3420,"hockey, nhl, sports",In this video I’ll discuss hockey strategies and show key sports moments.,"Not bad, could be better. | Thanks for sharing. | Interesting perspective. | This was okay overall. | I learned something new.",108,25,8,30,64.5,,,,9,0.5935958933085204,5,Neutral,0.026196112352528562,0.5,0.007957699708640575,0.5,0.00016410027456004173,0.1555703897960484,0.15011487019219202,0.1528426299941202,0.11165870555383237,0.9223317411107665,0.9898029473964227,0.9898029473964227,True,0.0412280701754386,0.0023391812865497076,0.008771929824561403,0.6141575359851121,0.0,0.0,0.0,0.0,0.7127937336814623,0.6875124278212996,0.0,0.0,0.4300663949015252,0.7295359658599571,0.27879716700754426,3.649261007152886,762.2788908756118
2023,1,12834,"fps, gaming highlights",Here’s a ranked gaming match with commentary on positioning and decision making. (variant 2),"Disliked the presentation style. | Too repetitive and unoriginal. | Poor quality, needs improvement. | Not useful at all. | Really boring, I didn't enjoy this.",1055,56,67,113,39.14,,,,9,0.25179546177387235,5,Negative,0.012456013976944966,0.5,0.18871454894542694,0.5,0.0010368621442466974,0.28210018426179884,0.15072580350097267,0.21641299388138574,0.2302989932562416,0.9460597986512483,0.9490693042437166,0.9490693042437166,True,0.09178743961352658,0.005220508025557114,0.008804737416238117,0.3076372770643234,0.43182854537163695,0.2052980132450331,0.7283950617283951,0.3051470588235294,0.05065274151436021,0.0,0.4967909081142932,0.5089947028618456,0.4333692213189171,0.018013218884677423,0.27652519241305923,3.649261007152886,756.0669257664588
2024,8,22277,"skincare, makeup haul",In this video I’ll share a makeup tutorial with tips for beginners.,"Disliked the presentation style. | Really boring, I didn't enjoy this. | Poor quality, needs improvement. | Not useful at all. | Too repetitive and unoriginal.",1051,85,67,166,67.94,,,,1,0.25179546177387235,5,Negative,0.012456013976944966,0.7310585786300049,0.1628393530845642,0.5,0.0004436987219378352,0.3333051207481964,0.15031058910535647,0.24180785492677642,0.2776929900238359,0.9555385980047673,0.9519129440497722,0.9519129440497722,True,0.054001885352605826,0.0030075862997710643,0.007451631727790995,0.4228372770643234,0.6605222734254992,0.4621848739495798,0.6666666666666665,0.8333333333333334,0.9001431639226912,0.0,0.14604699785567252,0.09385614117105062,0.0,0.24533404027497385,0.4845790936379653,4.404995834172233,1097.6139927455883
2025,13,4703,"jokes, memes",Laugh with me as I go through some hilarious memes and funny moments.,"Not useful at all. | Disliked the presentation style. | Really boring, I didn't enjoy this. | Too repetitive and unoriginal. | Poor quality, needs improvement.",554,31,32,37,63.11,,,,6,0.25179546177387235,5,Negative,0.012456013976944966,0.11920292202211755,0.00012339980457909405,0.5,0.0007523983949795365,0.035847256469840626,0.15052667887648566,0.09318696767316315,0.0003243587285202183,0.900064871745704,0.9352708261720533,0.9352708261720533,True,0.13119285562406974,0.006804167552625983,0.007867318732723793,0.4035172770643234,0.154911838790932,0.026315789473684275,0.14569536423841056,0.0,0.9465431218816822,0.0,1.0,0.888709890529468,0.28937990986990275,0.24036149353325512,0.27023044347349584,5.677439890014892,474.9109604997985
2026,13,4659,"comedy, funny skit",Laugh with me as I go through some hilarious memes and funny moments. (variant 2),"Not useful at all. | Disliked the presentation style. | Too repetitive and unoriginal. | Poor quality, needs improvement. | Really boring, I didn't enjoy this.",185,41,10,43,42.89,,,,6,0.25179546177387235,5,Negative,0.012456013976944966,0.11920292202211755,0.00012111790420021862,0.5,0.0007200572290457785,0.035845659139575416,0.15050404006033205,0.09317484959995373,0.0003017429748254059,0.9000603485949651,0.9352694692268316,0.9352694692268316,True,0.0506546469199399,0.0021463833440652502,0.009229448379480575,0.32263727706432344,0.0,0.09210526315789477,0.0,0.024390243902439063,0.22594440484675707,0.0,0.0,0.0,0.43294942491150157,0.0,0.04738331669620484,5.677439890014892,94.22456225783557
2027,3,11431,"jokes, memes","Enjoy a set of jokes, memes, and funny clips I’ve put together.","Really boring, I didn't enjoy this. | Poor quality, needs improvement. | Too repetitive and unoriginal. | Disliked the presentation style. | Not useful at all.",808,52,49,167,46.35,,,,6,0.25179546177387235,5,Negative,0.012456013976944966,0.2689414213699951,0.00013491720892488956,0.5,0.0003316525253467262,0.08077686845724595,0.1502321567677427,0.11550451261249434,0.04197521284521501,0.908395042569043,0.937769877419055,0.937769877419055,True,0.07952060187210218,0.004286589099816289,0.014609395503455516,0.3364772770643234,0.26154492023509657,0.16447368421052633,0.2582781456953642,0.5284552845528455,0.34925160370634367,0.0,0.3584131732828333,0.4083534010459821,1.0,0.041130107202030745,0.23161662486869505,5.677439890014892,407.04989552704484
2028,2,21267,"bible, prayer",Join me for a time of scripture reading and prayer together.,"This was okay overall. | I learned something new. | Interesting perspective. | Thanks for sharing. | Not bad, could be better.",1393,75,103,204,56.84,,,,0,0.5935958933085204,5,Neutral,0.026196112352528556,0.5,0.005054831504821777,0.5,0.0036449094768613577,0.15353838205337525,0.15255143663380294,0.1530449093435891,0.11203621605951085,0.9224072432119022,0.9898255980267634,0.9898255980267634,True,0.07387031551229604,0.004843184276108525,0.009592326139088728,0.5835175359851121,0.5805727119595733,0.3852459016393443,0.5833333333333334,0.5445859872611465,0.7930097087378641,0.6875124278212998,0.25809257921195816,0.463921889525264,0.4198278475974589,0.7674803058837937,0.5867509833197331,6.266901119398733,934.1818977103742
2029,8,11043,"makeup tutorial, beauty tips",I’m sharing my favorite skincare hacks and beauty advice in today’s video.,"Great explanation, very helpful. | This was super entertaining. | Amazing content, keep it up! | High quality and well presented. | Loved this video!",562,76,36,160,48.45,,,,1,0.7489507388323545,5,Positive,0.0170368024621816,0.5,0.001296768430620432,0.5,0.0011152377119287848,0.1509077379014343,0.15078066639835014,0.15084420214989222,0.10792907369562604,0.9215858147391253,1.0113288478582672,1.0113288478582672,True,0.061034139273748074,0.0032599837000814994,0.014488816444806665,0.6431704432994128,0.2849462365591398,0.38655462184873945,0.28395061728395055,0.7916666666666667,0.20257695060844674,1.0,0.22534425906987157,0.16912390824147727,1.0,0.7826623293309574,0.5093018326818357,4.404995834172233,1153.6131571128062
2030,15,10292,"soccer workout, endurance",This training session covers soccer practice routines you can try yourself.,"This was okay overall. | Interesting perspective. | Not bad, could be better. | Thanks for sharing. | I learned something new.",1002,45,43,55,61.77,,,,4,0.5935958933085204,5,Neutral,0.026196112352528556,0.8807970779778823,0.8013105392456055,0.5,0.005598726682364941,0.8251565008652886,0.15391910867765546,0.489537804771472,0.7400271772907059,1.0480054354581412,1.027505055700635,1.027505055700635,True,0.10590750097162845,0.004178002331908278,0.005343956471045472,0.6032375359851122,0.3905882352941177,0.10227272727272725,0.26315789473684215,0.0862745098039216,0.7969376594969013,0.6875124278212997,0.7195898846331634,0.25636496766915234,0.0,0.8625527905991117,0.46794804440827664,4.275163927394312,1092.1324928424144
2031,15,12294,"soccer drills, fitness",Let’s train together! Today I’m going through a soccer workout to build stamina. (variant 2),"Interesting perspective. | Not bad, could be better. | I learned something new. | This was okay overall. | Thanks for sharing.",1081,43,41,70,56.73,,,,4,0.5935958933085204,5,Neutral,0.026196112352528562,0.5,0.6960324048995972,0.5,0.2810342609882355,0.637222683429718,0.34672398269176485,0.4919733330607414,0.74457256226693,1.048914512453386,1.0277777787992086,1.0277777787992086,True,0.09476167236050105,0.0033349601431592645,0.00569383439075972,0.5830775359851121,0.4370588235294118,0.07954545454545453,0.24561403508771934,0.1450980392156863,0.6131972293109733,0.6875124278212997,0.5064560412641438,0.07199162694372199,0.03739664074033385,0.8031071155452452,0.43083036191269525,4.275163927394312,1005.5044417225674
2032,3,20864,"comedy, meme",This video is packed with comedy skits and internet humor for a good time. (variant 2),"Not useful at all. | Too repetitive and unoriginal. | Poor quality, needs improvement. | Really boring, I didn't enjoy this. | Disliked the presentation style.",1989,176,77,110,43.25,,,,6,0.25179546177387235,5,Negative,0.012456013976944966,0.2689414213699951,3.862670928356238e-05,0.5,0.00020473568292800337,0.08070946510749702,0.15014331497804959,0.1154263900427733,0.041829414023547236,0.9083658828047094,0.937761129489755,0.937761129489755,True,0.10745782208588957,0.0036905674846625766,0.005272239263803681,0.32407727706432343,0.7573467674223343,0.9802631578947368,0.4437086092715232,0.2967479674796748,0.23877405559515336,0.0,0.705294742457277,0.2946318801170148,0.015856532903278292,0.004279433119286428,0.41970436993526966,5.677439890014892,737.6008524053328
2033,14,24081,"travel diary, exploring",Travel with me as I document my journey and show you the sights I visited. (variant 2),"Amazing content, keep it up! | Great explanation, very helpful. | Loved this video! | This was super entertaining. | High quality and well presented.",902,211,182,281,57.35,,,,2,0.7489507388323545,5,Positive,0.0170368024621816,0.5,0.002456137677654624,0.5,0.005662472452968359,0.15171929637435824,0.15396373071707783,0.15284151354571804,0.1116566219451893,0.9223313243890379,1.0115525007532409,1.0115525007532409,True,0.053776836510111704,0.007557825671691375,0.011668950624974046,0.6787704432994127,0.3400943396226415,1.0,1.0,0.8222222222222223,0.6072780203784571,1.0,0.07526573134796988,1.0,0.7257447364675349,0.8784902877322961,0.7503493347302247,8.461923484876074,884.7587604361585
2034,14,12012,"adventure, trip highlights","Join me as I explore a new city, sharing highlights and travel tips along the way. (variant 2)","Really boring, I didn't enjoy this. | Not useful at all. | Poor quality, needs improvement. | Too repetitive and unoriginal. | Disliked the presentation style.",742,70,54,87,36.49,,,,2,0.25179546177387235,5,Negative,0.012456013976944968,0.5,0.006443070713430643,0.5,0.014652183279395103,0.15451014949940145,0.16025652829557657,0.157383338897489,0.12013295326498132,0.9240265906529963,0.9424593418442411,0.9424593418442411,True,0.0720945720945721,0.004495504495504496,0.007242757242757243,0.2970372770643234,0.264622641509434,0.28787878787878785,0.26436781609195403,0.20634920634920637,0.0,0.0,0.303642012635537,0.4355823281439745,0.18690332273041085,0.0,0.15882030483142634,8.461923484876074,187.26964832355898
2035,15,7825,"soccer workout, endurance",I’m sharing a fitness guide that mixes soccer drills with overall conditioning.,"Disliked the presentation style. | Really boring, I didn't enjoy this. | Poor quality, needs improvement. | Too repetitive and unoriginal. | Not useful at all.",601,40,34,84,39.91,,,,4,0.25179546177387235,5,Negative,0.012456013976944968,0.7310585786300049,0.48202216625213623,0.5,0.0008005480049178004,0.5567330899654969,0.15056038360344245,0.3536467367844697,0.4864159909404699,0.997283198188094,0.9644363241047703,0.9644363241047703,True,0.08626198083067092,0.004345047923322683,0.01073482428115016,0.3107172770643234,0.1547058823529412,0.04545454545454543,0.18421052631578952,0.2,0.0,0.0,0.3439224166760875,0.2928978412946483,0.5762019704980714,0.0,0.10380580008894207,4.275163927394312,242.26981729562377
2036,12,24734,"bible verse, reflection",In this devotion I’ll share a verse and then guide a prayer session for encouragement.,"Interesting perspective. | This was okay overall. | Thanks for sharing. | Not bad, could be better. | I learned something new.",1692,122,140,320,41.64,,,,0,0.5935958933085204,5,Neutral,0.026196112352528562,0.7310585786300049,0.012397113256156445,0.5,0.008970017544925213,0.227995552868311,0.15627901228144764,0.19213728257487933,0.18499364659042694,0.9369987293180854,0.9942030438586185,0.9942030438586185,True,0.07900056602247918,0.005660224791784588,0.012937656666936201,0.5227175359851122,0.7484559236384054,0.7704918032786886,0.8205128205128205,0.9140127388535032,0.20271844660194172,0.6875124278212998,0.3336672432330886,0.6390903577103247,0.7854979411422137,0.604483378419627,0.6481848553057402,6.266901119398733,1031.9924046325434
2037,1,24017,"fps, gaming highlights",Jump into the action with me as I play an FPS match and talk through strategies. (variant 3),"Not bad, could be better. | I learned something new. | Interesting perspective. | Thanks for sharing. | This was okay overall.",808,133,144,200,48.38,,,,5,0.5935958933085204,5,Neutral,0.026196112352528562,0.5,0.6483029127120972,0.5,0.00568752596154809,0.603812038898468,0.15398126817308366,0.37889665353577584,0.5335394806399986,1.0067078961279998,1.0151157939015927,1.0151157939015927,True,0.045176333430486736,0.005995753008285798,0.008327434733730274,0.5496775359851123,0.15373699148533587,0.4486486486486487,0.9482758620689654,0.5614035087719299,0.2810650887573966,0.6875124278212997,0.0,0.5400863252184629,0.2912245172873585,0.6420493974652196,0.4893179870171104,3.907932069840111,1249.3227203456827
2038,12,11942,"bible study, scripture reading",Today we’ll read a passage from the Bible and reflect on its meaning in our lives.,"Amazing content, keep it up! | Great explanation, very helpful. | This was super entertaining. | High quality and well presented. | Loved this video!",567,84,71,89,36.42,,,,0,0.7489507388323545,5,Positive,0.0170368024621816,0.5,0.001529111759737134,0.5,0.0002101560094160959,0.151070378231816,0.15014710920659127,0.15060874371920363,0.10748964163561155,0.9214979283271223,1.011302481934666,1.011302481934666,True,0.06045888460894323,0.0059454027801038355,0.0074526879919611455,0.5950504432994127,0.1167883211678832,0.45901639344262296,0.3782051282051282,0.17834394904458595,0.0,1.0,0.060526323421592636,0.700230766803312,0.18594910978690865,0.7983985370837937,0.40200748539725245,6.266901119398733,640.0468448768438
2039,9,6314,"music cover, acoustic guitar",Sit back and enjoy as I perform an acoustic guitar cover of a popular song. (variant 2),"Really boring, I didn't enjoy this. | Not useful at all. | Disliked the presentation style. | Too repetitive and unoriginal. | Poor quality, needs improvement.",726,42,16,77,68.55,,,,8,0.25179546177387235,5,Negative,0.012456013976944966,0.5,0.0025666621513664722,0.5,0.0007821021135896444,0.15179666350595653,0.15054747147951275,0.15117206749273465,0.10854096320236942,0.9217081926404739,0.9417638224404843,0.9417638224404843,True,0.12416851441241686,0.0025340513145391194,0.012195121951219513,0.4252772770643234,0.17882836587872558,0.0,0.0,0.0,1.0,0.0,0.9132479010673807,0.0,0.681544808726706,0.03944016877336315,0.2498840869671993,4.191158901684127,594.8876285339243
2040,3,19834,"jokes, memes",Here’s a funny compilation of memes that had me laughing nonstop.,"Great explanation, very helpful. | Amazing content, keep it up! | This was super entertaining. | Loved this video! | High quality and well presented.",885,109,109,194,44.38,,,,6,0.7489507388323545,5,Positive,0.0170368024621816,0.11920292202211755,9.092864638660103e-05,0.5,0.0002883000415749848,0.03582452665910588,0.1502018100291025,0.09301316834410418,0.0,0.9,1.0048531034365296,1.0048531034365296,True,0.05561157608147625,0.005495613592820409,0.009781183825753756,0.6268904432994127,0.2938706968933669,0.5394736842105263,0.6556291390728477,0.6382113821138211,0.2790449037776196,1.0,0.06154754670229182,0.6390364848286787,0.4911027663656756,0.9041882473848645,0.5677634950144038,5.677439890014892,997.8043305859395
2041,5,5109,"fitness tips, soccer practice",Let’s train together! Today I’m going through a soccer workout to build stamina. (variant 3),"Disliked the presentation style. | Really boring, I didn't enjoy this. | Too repetitive and unoriginal. | Poor quality, needs improvement. | Not useful at all.",545,38,33,33,45.47,,,,4,0.25179546177387235,5,Negative,0.012456013976944968,0.5,0.7069639563560486,0.5,0.31768321990966797,0.6448747694492339,0.37237825393676754,0.5086265116930008,0.7756521059925975,1.0551304211985195,0.981790491007898,0.981790491007898,True,0.12057154041886867,0.0064591896652965355,0.0064591896652965355,0.33295727706432343,0.12176470588235296,0.02272727272727273,0.17543859649122812,0.0,0.20269777615749185,0.0,1.0,0.755260675488284,0.11920150646020795,0.06557895898799564,0.15771243450693367,4.275163927394312,368.081192577919
2042,7,17677,"tech, computer guide",This video explains a step-by-step PC guide for better productivity.,"Too repetitive and unoriginal. | Poor quality, needs improvement. | Really boring, I didn't enjoy this. | Not useful at all. | Disliked the presentation style.",1838,137,120,104,49.15,,,,7,0.25179546177387235,5,Negative,0.012456013976944966,0.8807970779778823,0.700285792350769,0.5,0.0008518893155269325,0.754439178038903,0.15059632252086885,0.45251775027988594,0.670937279938074,1.0341874559876147,0.9755076014446264,0.9755076014446264,True,0.11851558522373706,0.006788482208519546,0.005883351247383606,0.3476772770643234,1.0,0.8636363636363638,1.0,0.24413145539906103,0.4674970805760996,0.0,1.0,1.0,0.0,0.12016814548215504,0.5781740712626847,3.454314055179228,1670.0414694782396
2043,10,7945,"easy dinner, food tutorial",Let’s bake and cook together — I’ll show you a simple way to create a delicious meal.,"Amazing content, keep it up! | Loved this video! | This was super entertaining. | High quality and well presented. | Great explanation, very helpful.",518,55,44,98,68.93,,,,3,0.7489507388323545,5,Positive,0.0170368024621816,0.5,0.9711984395980835,0.5,0.3969089686870575,0.8298389077186584,0.42783627808094027,0.6288375928997993,1.0,1.1,1.0648531034365296,1.0648531034365296,True,0.0776589049716803,0.005538074260541221,0.012334801762114538,0.7250904432994127,0.044383561643835646,0.1658031088082901,0.19402985074626863,0.22727272727272724,0.9440075495438821,1.0,0.13611969167403723,0.6450304703358886,0.859677276326919,1.0,0.4808763654082885,3.9159977832460084,1225.2408243914851
2044,4,24761,"travel diary, exploring","Join me as I explore a new city, sharing highlights and travel tips along the way. (variant 3)","Thanks for sharing. | This was okay overall. | Interesting perspective. | I learned something new. | Not bad, could be better.",1783,141,69,337,48.31,,,,2,0.5935958933085204,5,Neutral,0.026196112352528562,0.5,0.006965613923966885,0.5,0.015674004331231117,0.1548759297467768,0.1609718030318618,0.1579238663893193,0.12114173051935617,0.9242283461038713,0.9903719288943542,0.9903719288943542,True,0.08048947942328662,0.0027866402810871934,0.013610112677193975,0.5493975359851122,0.7556603773584906,0.6464646464646464,0.3505747126436781,1.0,0.3441048034934498,0.6875124278212998,0.4083054798335237,0.12062086397107677,0.9620603273573254,0.580761788811899,0.5996692869421072,8.461923484876074,707.0875263416988
2045,4,14366,"travel diary, exploring",Here’s a travel diary where I share experiences from my recent trip.,"Great explanation, very helpful. | Loved this video! | This was super entertaining. | High quality and well presented. | Amazing content, keep it up!",1496,106,36,200,51.09,,,,2,0.7489507388323545,5,Positive,0.0170368024621816,0.5,0.00019631115719676018,0.5,0.001042078947648406,0.15013741781003773,0.15072945526335388,0.1504334365366958,0.10716246882587413,0.9214324937651749,1.011282851566082,1.011282851566082,True,0.11401921202840039,0.002505916747876932,0.013921759710427398,0.6537304432994128,0.6202830188679245,0.46969696969696967,0.16091954022988503,0.5650793650793651,0.4250363901018923,1.0,0.8263372616340221,0.0688805944389876,1.0,0.8208652272174609,0.60991439618225,8.461923484876074,719.1678331165434
2046,2,3930,"bible, prayer",Here’s a short Bible study where I reflect on scripture and pray with you. (variant 2),"High quality and well presented. | Loved this video! | Great explanation, very helpful. | Amazing content, keep it up! | This was super entertaining.",359,28,15,40,46.45,,,,0,0.7489507388323545,5,Positive,0.0170368024621816,0.5,0.007364535704255104,0.5,0.0004213142383377999,0.15515517499297857,0.15029491996683644,0.1527250474799075,0.11143926330964911,0.9222878526619298,1.0115394592351086,1.0115394592351086,True,0.10229007633587786,0.003816793893129771,0.010178117048346057,0.6351704432994127,0.0,0.0,0.019230769230769214,0.02229299363057321,0.38951456310679616,1.0,0.6767493039741977,0.24387009564635506,0.4838592534040545,0.905955062246004,0.36768104353162795,6.266901119398733,585.394800798036
2047,14,21842,"adventure, trip highlights",Come along on this adventure as I explore nature and cultural spots.,"I learned something new. | This was okay overall. | Thanks for sharing. | Not bad, could be better. | Interesting perspective.",2301,118,165,143,70.17,,,,2,0.5935958933085204,5,Neutral,0.026196112352528562,0.5,0.0005542943254113197,0.5,0.03209610655903816,0.15038800602778793,0.1724672745913267,0.1614276403095573,0.12768076412750745,0.9255361528255015,0.9907642709108433,0.9907642709108433,True,0.11830418459848,0.007554253273509752,0.006547019503708452,0.6368375359851122,1.0,0.5303030303030303,0.9022988505747126,0.38412698412698415,0.9804949053857351,0.6875124278212998,0.8797601367739046,0.999341569826087,0.10220473987916616,0.7819892365522023,0.7767270433403666,8.461923484876074,915.8614851176511
2048,4,22818,"adventure, trip highlights",Travel with me as I document my journey and show you the sights I visited. (variant 3),"This was super entertaining. | Great explanation, very helpful. | Amazing content, keep it up! | High quality and well presented. | Loved this video!",2240,117,110,166,48.77,,,,2,0.7489507388323545,5,Positive,0.0170368024621816,0.5,0.0028307826723903418,0.5,0.006638197228312492,0.15198154787067322,0.15464673805981874,0.15331414296524598,0.11253868218333511,0.9225077364366671,1.0116054243675296,1.0116054243675296,True,0.10811639933385923,0.004820755543868876,0.007274958366202121,0.6444504432994127,0.9712264150943395,0.5252525252525252,0.5862068965517241,0.45714285714285713,0.35749636098981086,1.0,0.7527439724362043,0.4955294822550728,0.1908234629914927,0.7995089747582886,0.7062035574348662,8.461923484876074,832.7051883324731
2049,10,11091,"home cooking, delicious recipe","Here’s a cooking tutorial where I walk you through ingredients, preparation, and plating. (variant 3)","This was super entertaining. | Amazing content, keep it up! | Loved this video! | Great explanation, very helpful. | High quality and well presented.",1023,76,82,106,38.92,,,,3,0.7489507388323545,5,Positive,0.0170368024621816,0.7310585786300049,0.9983685612678528,0.5,0.002388028660789132,0.9181755664764985,0.1516716200625524,0.5349235932695254,0.8247299015752273,1.0649459803150454,1.0543368975310432,1.0543368975310432,True,0.10648273374808404,0.00739338202145884,0.009557298710666306,0.6050504432994127,0.3210958904109589,0.27461139896373055,0.47761194029850745,0.2532467532467532,0.0,1.0,0.7165773475877828,1.0,0.5327942848204383,0.7085085911714791,0.4854104056137656,3.9159977832460084,1236.7932556582332
2050,2,19077,"bible verse, reflection",Here’s a short Bible study where I reflect on scripture and pray with you. (variant 3),"I learned something new. | Interesting perspective. | Not bad, could be better. | This was okay overall. | Thanks for sharing.",2140,139,91,258,59.03,,,,0,0.5935958933085204,5,Neutral,0.026196112352528562,0.5,0.007831986993551254,0.5,0.00045940381824038923,0.15548239089548588,0.15032158267276827,0.1529019867841271,0.11176948212034685,0.9223538964240694,0.9898095939904137,0.9898095939904137,True,0.12423337002673376,0.004770142055878807,0.013524139015568485,0.5922775359851122,1.0,0.9098360655737705,0.5064102564102564,0.7165605095541401,0.8780582524271844,0.6875124278212998,1.0,0.44826208614343455,0.8496049265361819,0.7909647316171179,0.7903847621052075,6.266901119398733,1258.3926707839116
2051,13,24613,"funny, meme compilation",I created this comedy sketch to brighten your day and make you smile. (variant 2),"Thanks for sharing. | I learned something new. | Interesting perspective. | This was okay overall. | Not bad, could be better.",2561,179,161,283,61.08,,,,6,0.5935958933085204,5,Neutral,0.026196112352528556,0.5,0.00011562101281015202,0.5,0.0003790283517446369,0.1500809347089671,0.15026531984622124,0.1501731272775942,0.1066766580879305,0.9213353316175861,0.9895040245484685,0.9895040245484685,True,0.11786454312761549,0.006541258684435055,0.011497988867671555,0.6004775359851122,0.9974811083123426,1.0,1.0,1.0,0.8741981468282253,0.6875124278212998,0.8345094494785952,0.8385466152451061,0.6720553415305864,0.8256936152060724,0.8893907511846977,5.677439890014892,1563.041567321371
2052,1,15238,"valorant, clutch gameplay",Jump into the action with me as I play an FPS match and talk through strategies. (variant 4),"Thanks for sharing. | This was okay overall. | I learned something new. | Not bad, could be better. | Interesting perspective.",703,87,75,118,49.03,,,,5,0.5935958933085204,5,Neutral,0.026196112352528562,0.5,0.6235511302947998,0.5,0.005112838931381702,0.5864857912063598,0.1535789872519672,0.3700323892291635,0.5169962550974851,1.0033992510194971,1.014123200369042,1.014123200369042,True,0.056765979787373674,0.004921905761911012,0.007743798398739992,0.5522775359851122,0.10406811731315044,0.19999999999999998,0.3534482758620689,0.20175438596491233,0.3051035502958581,0.6875124278212997,0.14375121793558568,0.20629053996138252,0.21092851780999344,0.6496372450504835,0.3419466345073246,3.907932069840111,873.055377015608
2053,7,11768,"tech, computer guide",I’ll show you how to optimize your computer and explore new software features.,"Interesting perspective. | Thanks for sharing. | I learned something new. | Not bad, could be better. | This was okay overall.",1145,82,74,148,43.4,,,,7,0.5935958933085204,5,Neutral,0.026196112352528562,0.7310585786300049,0.9381423592567444,0.5,0.0028973862063139677,0.8760172250687225,0.15202817034441976,0.5140226977065712,0.7857229160682019,1.0571445832136404,1.0302468000272849,1.0302468000272849,True,0.11055404486743711,0.00628823929299796,0.01257647858599592,0.5297575359851122,0.5491216655823031,0.44696969696969696,0.5740740740740741,0.4507042253521127,0.24367458154924093,0.6875124278212997,0.871191448933715,0.8962723489312184,0.9136501230908772,0.575627076444308,0.5453107572224398,3.454314055179228,1575.1166016925997
2054,9,10003,"music cover, acoustic guitar",In this video I’ll play a guitar cover and talk about why I love this piece.,"High quality and well presented. | Great explanation, very helpful. | Loved this video! | Amazing content, keep it up! | This was super entertaining.",378,99,39,94,50.32,,,,8,0.7489507388323545,5,Positive,0.0170368024621816,0.5,0.001083643757738173,0.5,0.00031707846210338175,0.1507585506304167,0.15022195492347237,0.15049025277694456,0.10726850400763327,0.9214537008015267,1.0112892136769875,1.0112892136769875,True,0.05158452464260722,0.0038988303508947315,0.009397180845746277,0.6506504432994127,0.0,0.57,0.25000000000000006,0.1223021582733813,0.3905048478769643,1.0,0.0,0.3474379212426632,0.3332141683806422,0.795286743033496,0.42670594300888276,4.191158901684127,1015.8393421474908
2055,12,22877,"bible study, scripture reading",In this devotion I’ll share a verse and then guide a prayer session for encouragement. (variant 2),"Too repetitive and unoriginal. | Not useful at all. | Disliked the presentation style. | Poor quality, needs improvement. | Really boring, I didn't enjoy this.",1563,137,168,339,51.37,,,,0,0.25179546177387235,5,Negative,0.012456013976944966,0.7310585786300049,0.03644135594367981,0.5,0.006149932276457548,0.24482652274957734,0.15430495259352028,0.1995657376715488,0.1988572458521238,0.9397714491704248,0.9471827993994695,0.9471827993994695,True,0.08165406303274031,0.007343620229925253,0.014818376535384885,0.3565572770643234,0.6760247052217855,0.8934426229508197,1.0,0.9745222929936305,0.5805825242718445,0.0,0.37275639582583403,1.0,0.9910749400373329,0.15902923909826244,0.5729769401435726,6.266901119398733,912.2518760159096
2056,14,20266,"adventure, trip highlights",Come along on this adventure as I explore nature and cultural spots. (variant 2),"Thanks for sharing. | This was okay overall. | Not bad, could be better. | Interesting perspective. | I learned something new.",1332,180,73,188,70.84,,,,2,0.5935958933085204,5,Neutral,0.026196112352528562,0.5,0.0005271047120913863,0.5,0.012371399439871311,0.15036897329846396,0.15865997960790992,0.15451447645318694,0.1147788441336536,0.9229557688267307,0.9899901557112121,0.9899901557112121,True,0.07820980953320833,0.0036020921740846736,0.009276620941478337,0.6395175359851122,0.5429245283018868,0.8434343434343433,0.3735632183908046,0.526984126984127,1.0,0.6875124278212998,0.3798837063201546,0.27091713679028656,0.4345043415134194,0.7881567749779116,0.6436524993753748,8.461923484876074,758.949413480506
2057,14,3752,"journey, travel guide","Join me as I explore a new city, sharing highlights and travel tips along the way. (variant 4)","High quality and well presented. | This was super entertaining. | Great explanation, very helpful. | Loved this video! | Amazing content, keep it up!",181,13,8,50,66.05,,,,2,0.7489507388323545,5,Positive,0.0170368024621816,0.5,0.007386894430965185,0.5,0.016891561448574066,0.15517082610167562,0.16182409301400183,0.15849745955783873,0.12221221768312265,0.9244424435366245,1.012185836497517,1.012185836497517,True,0.05383795309168443,0.0021321961620469083,0.013326226012793176,0.7135704432994128,0.0,0.0,0.0,0.08888888888888888,0.8605531295487626,1.0,0.07602770203808226,0.0,0.9275001808889328,0.9585762344541919,0.3940540744842499,8.461923484876074,464.64063916422504
2058,13,8005,"jokes, memes",I created this comedy sketch to brighten your day and make you smile. (variant 3),"Interesting perspective. | I learned something new. | This was okay overall. | Thanks for sharing. | Not bad, could be better.",916,73,51,41,57.73,,,,6,0.5935958933085204,5,Neutral,0.026196112352528556,0.5,0.00012765747669618577,0.5,0.00044152638292871416,0.15008936023368732,0.1503090684680501,0.1501992143508687,0.10672534394859491,0.921345068789719,0.9895069457001084,0.9895069457001084,True,0.12991880074953155,0.006371018113678951,0.005121798875702686,0.5870775359851121,0.3068849706129303,0.3026315789473684,0.271523178807947,0.016260162601626042,0.7548111190306486,0.6875124278212998,0.9841807398620122,0.8060645438940415,0.0,0.7858711125682678,0.48853726214586163,5.677439890014892,858.5698096165418
2059,8,15547,"makeup tutorial, beauty tips",In this video I’ll share a makeup tutorial with tips for beginners. (variant 2),"Poor quality, needs improvement. | Not useful at all. | Really boring, I didn't enjoy this. | Disliked the presentation style. | Too repetitive and unoriginal.",599,149,94,189,42.79,,,,1,0.25179546177387235,5,Negative,0.012456013976944966,0.7310585786300049,0.1826723963022232,0.5,0.0006063203909434378,0.3471882510005577,0.1504244242736604,0.24880633763710908,0.29075413914210496,0.958150827828421,0.9526966129968684,0.9526966129968684,True,0.0541583585257606,0.006046182543255934,0.012156686177397569,0.3222372770643234,0.31336405529953915,1.0,1.0,0.9930555555555557,0.0,0.0,0.1478114242008824,1.0,0.6685989694472442,0.0,0.428135077786557,4.404995834172233,969.7633643989477
2060,8,6285,"beauty, skincare routine",Here’s a step-by-step guide to achieving this makeup look. (variant 2),"This was super entertaining. | Loved this video! | Amazing content, keep it up! | Great explanation, very helpful. | High quality and well presented.",191,30,37,56,60.08,,,,1,0.7489507388323545,5,Positive,0.0170368024621816,0.7310585786300049,0.9787348508834839,0.5,0.07177925854921341,0.9044319692074402,0.2002454809844494,0.5523387250959448,0.8572314655732851,1.0714462931146571,1.0562869913709267,1.0562869913709267,True,0.04105011933174224,0.0058870326173428794,0.008910103420843278,0.6896904432994128,0.0,0.0,0.2962962962962963,0.06944444444444445,0.6188260558339297,1.0,0.0,0.9525396872623644,0.20725215433463726,0.8961110326469793,0.39421279726397834,4.404995834172233,892.9264346670159
2061,15,12713,"fitness tips, soccer practice",Follow along as I do exercises focused on strength and endurance for athletes.,"Really boring, I didn't enjoy this. | Disliked the presentation style. | Too repetitive and unoriginal. | Not useful at all. | Poor quality, needs improvement.",751,39,78,127,62.56,,,,4,0.25179546177387235,5,Negative,0.012456013976944968,0.7310585786300049,0.48074570298194885,0.5,0.0018889292841777205,0.5558395656763656,0.1513222504989244,0.353580908087645,0.4862931359644593,0.9972586271928918,0.9644289528062097,0.9644289528062097,True,0.0682765672933218,0.0061354518996303,0.009989774246833949,0.4013172770643234,0.24294117647058824,0.034090909090909095,0.5701754385964912,0.3686274509803921,0.8257382427998543,0.0,0.0,0.6844592207432468,0.4965674268559561,0.26715169443850706,0.28678188286898837,4.275163927394312,669.3132205217308
2062,9,19502,"music cover, acoustic guitar",Watch this live music session where I share one of my favorite covers. (variant 2),"Great explanation, very helpful. | Loved this video! | This was super entertaining. | High quality and well presented. | Amazing content, keep it up!",2324,124,108,136,38.64,,,,8,0.7489507388323545,5,Positive,0.0170368024621816,0.5,0.0015142193296924233,0.5,0.0006661878433078527,0.1510599535307847,0.1504663314903155,0.1507631425105501,0.10777779347093426,0.9215555586941869,1.0113197710447857,1.0113197710447857,True,0.13106348066864937,0.005537893549379551,0.0069736437288483236,0.6039304432994128,1.0,0.82,1.0,0.4244604316546763,0.0,1.0,1.0,0.7647015919886522,0.031495081377653715,0.6385992698114277,0.7708460431654676,4.191158901684127,1835.1179546845542
2063,2,24260,"bible study, scripture reading",In this devotion I’ll share a verse and then guide a prayer session for encouragement. (variant 3),"Loved this video! | This was super entertaining. | Amazing content, keep it up! | High quality and well presented. | Great explanation, very helpful.",1306,104,65,347,49.28,,,,0,0.7489507388323545,5,Positive,0.0170368024621816,0.7310585786300049,0.039913907647132874,0.5,0.007189175579696894,0.2472573089419945,0.1550324229057878,0.20114486592389114,0.20180434602145955,0.940360869204292,1.016961364197817,1.016961364197817,True,0.06079967023907667,0.0026793075020610057,0.014303380049464139,0.6464904432994127,0.5317237507018528,0.6229508196721312,0.33974358974358976,1.0,0.4994174757281553,1.0,0.0655464992296634,0.0,0.9347819036350281,0.9363025165041348,0.6356305407250684,6.266901119398733,1012.0043453828256
2064,14,3152,"journey, travel guide",In this vlog I’m taking you with me on an adventure to discover amazing places. (variant 3),"Amazing content, keep it up! | Great explanation, very helpful. | High quality and well presented. | Loved this video! | This was super entertaining.",330,31,19,22,47.44,,,,2,0.7489507388323545,5,Positive,0.0170368024621816,0.2689414213699951,0.00483876233920455,0.5,0.002518874127417803,0.08406956004844171,0.15176321188919245,0.11791638596881708,0.04647645102285625,0.9092952902045712,1.0076416904979009,1.0076416904979009,True,0.12055837563451777,0.006027918781725888,0.006979695431472081,0.6391304432994127,0.07028301886792454,0.09090909090909087,0.06321839080459768,0.0,0.3187772925764191,1.0,0.9078642527956908,0.7180222336880981,0.1548783780312816,0.7872659507191941,0.40138003647008735,8.461923484876074,473.27889436827917
2065,7,6613,"tech review, pc setup",In this tutorial I’ll share useful Windows tips and tricks for your PC.,"Not bad, could be better. | Thanks for sharing. | I learned something new. | Interesting perspective. | This was okay overall.",301,61,13,70,55.97,,,,7,0.5935958933085204,5,Neutral,0.026196112352528562,0.8807970779778823,0.6689486503601074,0.7310585786300049,0.006340797524899244,0.7325031786454399,0.22375613185643095,0.4781296552509354,0.7187363420884916,1.0437472684176983,1.0262276055885022,1.0262276055885022,True,0.05670648722213821,0.001965824890367458,0.010585210948132466,0.5800375359851122,0.0,0.2878787878787879,0.00925925925925926,0.08450704225352111,0.7329700272479565,0.6875124278212997,0.0,0.0,0.641830713359159,0.7013983994010682,0.32620865870221394,3.454314055179228,942.2456225783557
2066,10,12183,"cooking, food, recipe",Welcome to my kitchen! Today I’ll guide you through a recipe and share some personal cooking tips.,"This was super entertaining. | High quality and well presented. | Loved this video! | Amazing content, keep it up! | Great explanation, very helpful.",1008,118,38,134,58.86,,,,3,0.7489507388323545,5,Positive,0.0170368024621816,0.7310585786300049,0.6940975785255432,0.5,0.005474163684993982,0.7051858785568816,0.15383191457949577,0.4295088965681887,0.6279962480305117,1.0255992496061024,1.0425328783183603,1.0425328783183603,True,0.09554296971189362,0.0031191003857834686,0.010998932939341706,0.6848104432994128,0.3128767123287671,0.49222797927461137,0.14925373134328357,0.34415584415584416,0.6272412708398869,1.0,0.496271092025545,0.18221667917929582,0.7024595203210215,0.9021886542184872,0.546590386467372,3.9159977832460084,1392.6757559630319
2067,14,8691,"journey, travel guide","Join me as I explore a new city, sharing highlights and travel tips along the way. (variant 5)","Not bad, could be better. | I learned something new. | Thanks for sharing. | Interesting perspective. | This was okay overall.",1010,63,39,118,42.35,,,,2,0.5935958933085204,5,Neutral,0.026196112352528562,0.5,0.007290528621524572,0.5,0.0161723792552948,0.1551033700350672,0.16132066547870635,0.15821201775688676,0.12167950251025861,0.9243359005020517,0.9904041952138083,0.9904041952138083,True,0.1279484524220458,0.0044874007594062825,0.013577263836152341,0.5255575359851121,0.3910377358490566,0.25252525252525254,0.17816091954022986,0.30476190476190473,0.17059679767103347,0.6875124278212998,1.0,0.4340887252203307,0.9580613344489688,0.5258983126667842,0.42362664569359376,8.461923484876074,499.51051941206475
2068,13,19707,"funny, meme compilation","Enjoy a set of jokes, memes, and funny clips I’ve put together. (variant 2)","This was super entertaining. | High quality and well presented. | Loved this video! | Amazing content, keep it up! | Great explanation, very helpful.",1862,130,84,191,52.44,,,,6,0.7489507388323545,5,Positive,0.0170368024621816,0.2689414213699951,0.00014677389117423445,0.5,0.00033550604712218046,0.08078516813482049,0.15023485423298552,0.115510011183903,0.041985474735410144,0.9083970949470821,1.0073722319206542,1.0073722319206542,True,0.10534327903790532,0.004262444816562643,0.009691987618612676,0.6591304432994127,0.7040302267002521,0.6776315789473684,0.4900662251655629,0.6260162601626017,0.5662865288667142,1.0,0.6790395887605717,0.4037466476270875,0.48170141735804967,1.0,0.7122980297006695,5.677439890014892,1251.8135895389491
2069,8,12626,"beauty hacks, skincare tips",I’m sharing my favorite skincare hacks and beauty advice in today’s video. (variant 2),"Loved this video! | This was super entertaining. | Amazing content, keep it up! | Great explanation, very helpful. | High quality and well presented.",1493,111,34,168,70.73,,,,1,0.7489507388323545,5,Positive,0.0170368024621816,0.5,0.0016834260895848274,0.5,0.0010520333889871836,0.15117839826270937,0.150736423372291,0.1509574108175002,0.10814035310436491,0.921628070620873,1.0113415246227915,1.0113415246227915,True,0.1297322984318074,0.002692856011405037,0.013305876762236655,0.7322904432994127,1.0,0.6806722689075629,0.2592592592592592,0.8472222222222222,1.0,1.0,1.0,0.0,0.8319015728392488,1.0,0.8352917833800186,4.404995834172233,1892.008882554678
2070,13,17377,"jokes, memes",This video is packed with comedy skits and internet humor for a good time. (variant 3),"High quality and well presented. | This was super entertaining. | Great explanation, very helpful. | Loved this video! | Amazing content, keep it up!",1420,131,79,178,36.55,,,,6,0.7489507388323545,5,Positive,0.0170368024621816,0.2689414213699951,4.0493858250556514e-05,0.5,0.00023105718719307333,0.08071077211177392,0.15016174003103513,0.11543625607140454,0.04184782682479162,0.9083695653649584,1.007363973046017,1.007363973046017,True,0.09380215227024227,0.004546239281809288,0.01024342521724118,0.5955704432994127,0.5184718723761546,0.6842105263157895,0.456953642384106,0.573170731707317,0.0,1.0,0.5357395706280448,0.4578949157410689,0.5398233654408187,0.8111105770403844,0.5785953291929091,5.677439890014892,1016.8405158046232
2071,3,11099,"funny, internet humor",I created this comedy sketch to brighten your day and make you smile. (variant 4),"Interesting perspective. | I learned something new. | Not bad, could be better. | This was okay overall. | Thanks for sharing.",1315,53,64,162,48.98,,,,6,0.5935958933085204,5,Neutral,0.026196112352528562,0.5,0.00012713292380794883,0.5,0.0004389751993585378,0.15008899304666556,0.15030728263955098,0.15019813784310826,0.10672333488049145,0.9213446669760983,0.9895068251560223,0.9895068251560223,True,0.12902063248941345,0.005766285250923506,0.014595909541400127,0.5520775359851122,0.47439126784214947,0.17105263157894737,0.35761589403973515,0.508130081300813,0.4429793300071275,0.6875124278212998,0.9730286634181761,0.6906809082006587,0.9985785692009777,0.681857113141167,0.5123076977316858,5.677439890014892,900.3446749886945
2072,1,24658,"gaming, ranked match",Jump into the action with me as I play an FPS match and talk through strategies. (variant 5),"Interesting perspective. | I learned something new. | Thanks for sharing. | Not bad, could be better. | This was okay overall.",2597,235,105,300,47.7,,,,5,0.5935958933085204,5,Neutral,0.026196112352528562,0.5,0.6222313046455383,0.5,0.00532159861177206,0.5855619132518768,0.15372511902824043,0.36964351614005864,0.5162705078726786,1.0032541015745358,1.0140796555355536,1.0140796555355536,True,0.1191094168221267,0.0042582528996674505,0.012166436856192717,0.5469575359851122,1.0,1.0,0.6120689655172413,1.0,0.25591715976331375,0.6875124278212997,0.9170228716224794,0.0,0.8193899071683369,0.6341113415298664,0.7454378554772065,3.907932069840111,1903.245893596939
2073,15,20370,"fitness, soccer, training",Follow along as I do exercises focused on strength and endurance for athletes. (variant 2),"Too repetitive and unoriginal. | Disliked the presentation style. | Not useful at all. | Really boring, I didn't enjoy this. | Poor quality, needs improvement.",2038,124,127,288,50.2,,,,4,0.25179546177387235,5,Negative,0.012456013976944968,0.7310585786300049,0.6170655488967896,0.5,0.0009581336635164917,0.6512634578167541,0.15067069356446153,0.4009670756906078,0.5747291337117725,1.0149458267423546,0.9697351126710485,0.9697351126710485,True,0.11237113402061856,0.0062346588119784,0.014138438880706922,0.3518772770643234,1.0,1.0,1.0,1.0,0.37513671162960277,0.0,0.8431893945415552,0.7061557741266739,0.9399967264007442,0.12136825323497749,0.6437256583077648,4.275163927394312,1502.3755656533926
2074,6,20924,"sports, hockey recap",I’m reviewing hockey plays and sharing my perspective as a fan.,"Amazing content, keep it up! | High quality and well presented. | Great explanation, very helpful. | Loved this video! | This was super entertaining.",2301,176,71,302,66.42,,,,9,0.7489507388323545,5,Positive,0.0170368024621816,0.5,0.003073567058891058,0.5,0.00036284836824052036,0.15215149694122374,0.15025399385776836,0.15120274539949605,0.10859821685740172,0.9217196433714804,1.0113689964479735,1.0113689964479735,True,0.12177403938061557,0.003393232651500669,0.01443318677117186,0.7150504432994127,1.0,1.0,0.7777777777777779,1.0,0.7629242819843344,1.0,0.7914360014988947,0.18620122252749416,1.0,0.963737772994489,0.9144201890842284,3.649261007152886,2500.1803820715686
2075,7,4086,"tech review, pc setup",This video explains a step-by-step PC guide for better productivity. (variant 2),"I learned something new. | Interesting perspective. | This was okay overall. | Thanks for sharing. | Not bad, could be better.",355,27,12,53,51.34,,,,7,0.5935958933085204,5,Neutral,0.026196112352528556,0.8807970779778823,0.5035481452941895,0.5,0.0011776305036619306,0.6167228250992973,0.15082434135256334,0.38377358322593036,0.542641211480653,1.0085282422961306,1.015661897752032,1.015661897752032,True,0.09642682329907,0.002936857562408223,0.01297112090063632,0.5615175359851122,0.035133376707872414,0.030303030303030346,0.0,0.004694835680751165,0.5527442584663295,0.6875124278212997,0.6426292788790466,0.2013480552279503,0.967521053839197,0.6550721284949584,0.31557594174621767,3.454314055179228,911.5332832806796
2076,11,11754,"valorant, clutch gameplay",Watch this intense Valorant gameplay where I break down how I won clutch rounds.,"Not bad, could be better. | I learned something new. | Thanks for sharing. | This was okay overall. | Interesting perspective.",730,50,76,73,66.91,,,,5,0.5935958933085204,5,Neutral,0.026196112352528562,0.2689414213699951,0.04625925049185753,0.5,0.0007109323050826788,0.11306390175529879,0.15049765261355788,0.13178077718442832,0.07235132827785927,0.9144702656555719,0.9874445047598643,0.9874445047598643,True,0.07282627190743576,0.0064658839543985025,0.006210651693040667,0.6237975359851122,0.11684011352885525,0.0,0.3620689655172413,0.004385964912280722,0.966346153846154,0.6875124278212997,0.3429537200281814,0.6862223132382846,0.0,0.8583614217035929,0.41654128598264506,3.907932069840111,1063.5098368495703
2077,11,23392,"fps, gaming",In this session I’ll share tips and tricks for improving aim and movement in FPS games.,"Too repetitive and unoriginal. | Disliked the presentation style. | Not useful at all. | Really boring, I didn't enjoy this. | Poor quality, needs improvement.",1814,119,141,146,56.14,,,,5,0.25179546177387235,5,Negative,0.012456013976944968,0.7310585786300049,0.32824695110321045,0.5,0.0026021585799753666,0.44909043936124876,0.15182151100598276,0.3004559751836158,0.38714697825042765,0.9774293956500856,0.9584801833433678,0.9584801833433678,True,0.08866279069767442,0.006027701778385773,0.006241450068399453,0.3756372770643234,0.6296121097445601,0.37297297297297294,0.9224137931034483,0.32456140350877194,0.5680473372781066,0.0,0.5393806681726185,0.55001731385723,0.004237204203117259,0.13412979808412898,0.4383743365803606,3.907932069840111,1119.253804759806
2078,8,17008,"beauty, skincare routine",Watch me go through my skincare routine and explain why I use these products.,"This was super entertaining. | Great explanation, very helpful. | Amazing content, keep it up! | Loved this video! | High quality and well presented.",857,119,78,190,50.86,,,,1,0.7489507388323545,5,Positive,0.0170368024621816,0.5,0.9392726421356201,0.5,0.17803433537483215,0.8074908494949341,0.2746240347623825,0.5410574421286583,0.836177399259229,1.0672354798518457,1.0550237473920832,1.0550237473920832,True,0.06197083725305738,0.004586077140169332,0.011171213546566321,0.6528104432994127,0.511520737327189,0.7478991596638656,0.8024691358024691,1.0,0.28883321403006434,1.0,0.23590667407607452,0.5645800105602348,0.5285610607579343,0.8061714759338475,0.6990438961597082,4.404995834172233,1583.3955117789994
2079,6,15256,"sports highlights, hockey",Here are some hockey highlights and my take on recent NHL games.,"Disliked the presentation style. | Really boring, I didn't enjoy this. | Poor quality, needs improvement. | Not useful at all. | Too repetitive and unoriginal.",1525,61,43,118,44.83,,,,9,0.25179546177387235,5,Negative,0.012456013976944966,0.5,0.0016876425361260772,0.5,0.0008724335348233581,0.15118134977528824,0.15061070347437636,0.1508960266248323,0.10802579283078505,0.921605158566157,0.9417329122181892,0.9417329122181892,True,0.10677766124803356,0.002818563188253802,0.00773466177241741,0.3303972770643234,0.6461468308253533,0.2384105960264901,0.4320987654320988,0.32352941176470584,0.19921671018276751,0.0,0.6440832082637327,0.08468419957789264,0.3256418958923697,0.07084580417014884,0.30410821532678095,3.649261007152886,831.4836035589536
2080,6,8234,"nhl game, hockey analysis",Here are some hockey highlights and my take on recent NHL games. (variant 2),"Loved this video! | High quality and well presented. | Amazing content, keep it up! | Great explanation, very helpful. | This was super entertaining.",373,25,49,73,64.83,,,,9,0.7489507388323545,5,Positive,0.0170368024621816,0.5,0.0015208068070933223,0.5,0.0007469578995369375,0.15106456476496533,0.15052287052967586,0.15079371764732058,0.10783485532808242,0.9215669710656165,1.0113231947562145,1.0113231947562145,True,0.054287102258926405,0.005950935146951664,0.008865678892397377,0.7086904432994128,0.12083903328773368,0.0,0.5061728395061728,0.15808823529411764,0.7214099216710183,1.0,0.1283166400204801,0.6380267666619157,0.4395043597758043,0.9489743616405526,0.47833742390078887,3.649261007152886,1307.8559042370898
2081,9,11606,"music cover, acoustic guitar",I’m performing a guitar cover and adding my own style to the music.,"I learned something new. | Interesting perspective. | Not bad, could be better. | Thanks for sharing. | This was okay overall.",951,70,75,78,58.55,,,,8,0.5935958933085204,5,Neutral,0.026196112352528562,0.5,0.016133591532707214,0.5,0.00885172188282013,0.16129351407289505,0.1561962053179741,0.15874485969543456,0.12267393634740523,0.924534787269481,0.9904638612440371,0.9904638612440371,True,0.09443391349302085,0.006462174737204894,0.0067206617266930896,0.5903575359851122,0.29445015416238435,0.27999999999999997,0.6413043478260869,0.007194244604316557,0.6656636576395855,0.6875124278212997,0.5391287328481462,1.0,0.0,0.5930790525307106,0.4895405539878167,4.191158901684127,1165.426829565272
2082,5,4325,"soccer workout, endurance",Let’s train together! Today I’m going through a soccer workout to build stamina. (variant 4),"Amazing content, keep it up! | Loved this video! | High quality and well presented. | This was super entertaining. | Great explanation, very helpful.",338,36,13,55,43.43,,,,4,0.7489507388323545,5,Positive,0.0170368024621816,0.5,0.7156761884689331,0.5,0.31044071912765503,0.6509733319282531,0.3673085033893585,0.5091409176588058,0.7766121330877258,1.0553224266175452,1.051449831421793,1.051449831421793,True,0.08947976878612716,0.003005780346820809,0.012716763005780347,0.6230904432994128,0.0,0.0,0.0,0.0862745098039216,0.12832664965366397,1.0,0.4054539131687075,0.0,0.7880411471882846,0.9210929432320701,0.3103127614819383,4.275163927394312,724.2313624509907
2083,10,24839,"cooking, food, recipe","Here’s a cooking tutorial where I walk you through ingredients, preparation, and plating. (variant 4)","Too repetitive and unoriginal. | Not useful at all. | Disliked the presentation style. | Really boring, I didn't enjoy this. | Poor quality, needs improvement.",2247,181,152,336,40.55,,,,3,0.25179546177387235,5,Negative,0.012456013976944968,0.7310585786300049,0.9984015822410583,0.5,0.002463525626808405,0.9181986811577423,0.15172446793876587,0.5349615745482541,0.8248007853890068,1.0649601570778013,0.9847394117716826,0.9847394117716826,True,0.10386891581786706,0.00611940899392085,0.013527114618140827,0.3132772770643234,0.9917808219178081,0.8186528497409327,1.0,1.0,0.051273985530040714,0.0,0.6639399745125892,0.7562552068632216,1.0,0.0,0.5578117610470963,3.9159977832460084,1421.267068054641
2084,10,4442,"homemade meal, cooking guide","In this video I’m preparing a homemade dish, explaining each step so you can follow along easily. (variant 2)","Thanks for sharing. | Not bad, could be better. | This was okay overall. | I learned something new. | Interesting perspective.",437,23,18,28,40.39,,,,3,0.5935958933085204,5,Neutral,0.026196112352528562,0.5,0.974319338798523,0.5,0.0042829508893191814,0.832023537158966,0.1529980656225234,0.4925108013907447,0.7455756302596759,1.0491151260519351,1.0278379628787733,1.0278379628787733,True,0.10760918505177848,0.00405222872579919,0.006303466906798739,0.5177175359851122,0.0,0.0,0.0,0.0,0.04624095627555828,0.6875124278212997,0.7392619565034011,0.36074885316632693,0.14985239269449796,0.4964393460020682,0.23795520691693078,3.9159977832460084,606.2939559185943
2085,11,20066,"fps, gaming",Watch this intense Valorant gameplay where I break down how I won clutch rounds. (variant 2),"Poor quality, needs improvement. | Not useful at all. | Really boring, I didn't enjoy this. | Disliked the presentation style. | Too repetitive and unoriginal.",800,161,150,204,67.82,,,,5,0.25179546177387235,5,Negative,0.012456013976944966,0.2689414213699951,0.03240196034312248,0.5,0.0006621362408623099,0.10336379865118427,0.15046349536860362,0.12691364700989394,0.06326788610634908,0.9126535772212698,0.9390474378147231,0.9390474378147231,True,0.055367287949765774,0.007475331406359015,0.01016645071264826,0.42235727706432336,0.14995269631031222,0.6,1.0,0.5789473684210528,1.0,0.0,0.12640265966372607,1.0,0.5442341694100683,0.2704775823854887,0.46249985406175015,3.907932069840111,1180.8508805455012
2086,5,7826,"soccer drills, fitness",Follow along as I do exercises focused on strength and endurance for athletes. (variant 3),"Great explanation, very helpful. | This was super entertaining. | Amazing content, keep it up! | High quality and well presented. | Loved this video!",675,50,51,70,50.12,,,,4,0.7489507388323545,5,Positive,0.0170368024621816,0.7310585786300049,0.6529495120048523,0.5,0.0010100480867549777,0.676382231992398,0.1507070336607285,0.41354463282656323,0.5982024144349958,1.0196404828869992,1.0407452483026294,1.0407452483026294,True,0.09915665729619218,0.00651673907487861,0.008944543828264758,0.6498504432994128,0.19823529411764707,0.1590909090909091,0.3333333333333334,0.1450980392156863,0.37222019686474656,1.0,0.5904982478666769,0.7678467323227209,0.3848481549281223,1.0,0.4664088964891709,4.275163927394312,1088.5403131681264
2087,8,3587,"skincare, makeup haul",I’m sharing my favorite skincare hacks and beauty advice in today’s video. (variant 3),"High quality and well presented. | Great explanation, very helpful. | Loved this video! | This was super entertaining. | Amazing content, keep it up!",241,36,13,46,64.71,,,,1,0.7489507388323545,5,Positive,0.0170368024621816,0.5,0.001759324804879725,0.5,0.001158209634013474,0.1512315273634158,0.15081074674380943,0.15102113705361261,0.10825928429374708,0.9216518568587494,1.0113486604941544,1.0113486604941544,True,0.08084750487872874,0.0036241984945637024,0.01282408698076387,0.7082104432994127,0.038402457757296504,0.05042016806722683,0.0,0.0,0.7845382963493196,1.0,0.44876418183275407,0.27773689031249904,0.7634381459367497,0.9412759076558511,0.4153926678306799,4.404995834172233,940.9006923346826
2088,5,9105,"strength training, soccer",Follow along as I do exercises focused on strength and endurance for athletes. (variant 4),"Interesting perspective. | Not bad, could be better. | I learned something new. | Thanks for sharing. | This was okay overall.",776,77,69,88,67.34,,,,4,0.5935958933085204,5,Neutral,0.026196112352528562,0.7310585786300049,0.616899847984314,0.5,0.0010243381839245558,0.6511474671780212,0.15071703672874717,0.40093225195338417,0.5746641427639401,1.014932828552788,1.0175832736290293,1.0175832736290293,True,0.10126304228445909,0.007578253706754531,0.009665019220208676,0.6255175359851122,0.25764705882352945,0.4659090909090909,0.4912280701754386,0.21568627450980393,1.0,0.6875124278212997,0.6307771668979578,1.0,0.46185604218429194,0.9282496973550713,0.5621492680170781,4.275163927394312,1311.986424059883
2089,10,24461,"baking, kitchen tips","Here’s a cooking tutorial where I walk you through ingredients, preparation, and plating. (variant 5)","Not bad, could be better. | Thanks for sharing. | I learned something new. | Interesting perspective. | This was okay overall.",2262,216,53,301,43.92,,,,3,0.5935958933085204,5,Neutral,0.026196112352528562,0.7310585786300049,0.9984259009361267,0.5,0.0024030571803450584,0.9182157042442901,0.15168214002624153,0.5349489221352658,0.8247771724060808,1.0649554344812162,1.0325900554075575,1.0325900554075575,True,0.103470831118924,0.0021667143616368916,0.012305302317975553,0.5318375359851122,1.0,1.0,0.2611940298507463,0.8863636363636364,0.15728216420257946,0.6875124278212997,0.6559232979983024,0.0,0.8562055010059516,0.5307267393097883,0.6457597635395517,3.9159977832460084,1645.3526976029948
2090,7,4853,"tech review, pc setup",This video explains a step-by-step PC guide for better productivity. (variant 3),"Really boring, I didn't enjoy this. | Not useful at all. | Too repetitive and unoriginal. | Poor quality, needs improvement. | Disliked the presentation style.",401,23,15,52,37.14,,,,7,0.25179546177387235,5,Negative,0.012456013976944968,0.8807970779778823,0.5194247364997864,0.5,0.0011322139762341976,0.6278364389432152,0.15079254978336393,0.3893144943632896,0.552982119590532,1.0105964239181064,0.968430291823774,0.968430291823774,True,0.09045950958170204,0.0030908716257984753,0.01071502163610138,0.2996372770643234,0.06506180871828234,0.0,0.027777777777777783,0.0,0.0,0.0,0.5460850174304553,0.23328357401560204,0.659550613943913,0.0,0.05761273936884544,3.454314055179228,166.412969205081
2091,9,14641,"acoustic guitar, cover song",I’m performing a guitar cover and adding my own style to the music. (variant 2),"This was okay overall. | Thanks for sharing. | I learned something new. | Not bad, could be better. | Interesting perspective.",1405,60,51,216,42.31,,,,8,0.5935958933085204,5,Neutral,0.026196112352528562,0.5,0.017094941809773445,0.5,0.0063613648526370525,0.16196645926684142,0.15445295539684592,0.15820970733184367,0.12167519060334057,0.9243350381206681,0.9904039364993933,0.9904039364993933,True,0.10354483983334471,0.0034833686223618605,0.014753090635885526,0.5253975359851122,0.5277492291880781,0.17999999999999997,0.3804347826086957,1.0,0.1227014376462722,0.6875124278212997,0.6537619237690053,0.24167196538302713,1.0,0.375219072639752,0.5004118782733022,4.191158901684127,1191.3076945763548
2092,14,3537,"travel diary, exploring",Here’s a travel diary where I share experiences from my recent trip. (variant 2),"High quality and well presented. | Loved this video! | Amazing content, keep it up! | Great explanation, very helpful. | This was super entertaining.",272,16,23,33,63.05,,,,2,0.7489507388323545,5,Positive,0.0170368024621816,0.5,0.0001692782243480906,0.5,0.001129222335293889,0.15011849475704367,0.15079045563470572,0.15045447519587468,0.10720173291727184,0.9214403465834544,1.011285207411566,1.011285207411566,True,0.08792762227876731,0.006502685891998869,0.009329940627650551,0.7015704432994128,0.042924528301886776,0.015151515151515155,0.0862068965517241,0.03492063492063492,0.7732168850072778,1.0,0.5010404905114502,0.8055267544868453,0.4409954395283611,0.9309603907569864,0.4307457310302946,8.461923484876074,507.90484033220423
2093,12,18255,"bible study, scripture reading",Today we’ll read a passage from the Bible and reflect on its meaning in our lives. (variant 2),"Not useful at all. | Really boring, I didn't enjoy this. | Too repetitive and unoriginal. | Disliked the presentation style. | Poor quality, needs improvement.",1308,110,94,272,36.54,,,,0,0.25179546177387235,5,Negative,0.012456013976944968,0.5,0.0007461049826815724,0.5,0.00018951921083498746,0.15052227348787708,0.1501326634475845,0.1503274684677308,0.10696470242309605,0.9213929404846193,0.9416692467937279,0.9416692467937279,True,0.0828266228430567,0.005149274171459874,0.01490002738975623,0.29723727706432346,0.5328467153284672,0.6721311475409837,0.5256410256410255,0.7611464968152867,0.004660194174757191,0.0,0.39002959009450494,0.5295456830421075,1.0,0.0,0.3474449448656446,6.266901119398733,553.1763681213899
2094,1,21240,"gaming, ranked match",Jump into the action with me as I play an FPS match and talk through strategies. (variant 6),"High quality and well presented. | Loved this video! | Great explanation, very helpful. | Amazing content, keep it up! | This was super entertaining.",1185,140,102,194,55.74,,,,5,0.7489507388323545,5,Positive,0.0170368024621816,0.5,0.6270329356193542,0.5,0.005197814665734768,0.5889230549335479,0.15363847026601432,0.3712807625997811,0.519326073062862,1.0038652146125724,1.0360126678203012,1.0360126678203012,True,0.06718455743879473,0.00480225988700565,0.009133709981167608,0.6723304432994127,0.33207190160832545,0.48648648648648646,0.5862068965517241,0.5350877192982456,0.5532544378698226,1.0,0.2729771822514234,0.1690996928445041,0.40215091608314024,1.0,0.6044553102927975,3.907932069840111,1543.2904013724421
2095,4,20320,"journey, travel guide",Here’s a travel diary where I share experiences from my recent trip. (variant 3),"Great explanation, very helpful. | Amazing content, keep it up! | High quality and well presented. | This was super entertaining. | Loved this video!",1029,89,68,139,42.69,,,,2,0.7489507388323545,5,Positive,0.0170368024621816,0.5,0.0001768222136888653,0.5,0.0012474572286009789,0.1501237755495822,0.15087322006002069,0.15049849780480146,0.1072838915627335,0.9214567783125467,1.0112901369302936,1.0112901369302936,True,0.058366141732283466,0.0033464566929133858,0.0068405511811023625,0.6201304432994128,0.4,0.3838383838383838,0.3448275862068965,0.3714285714285714,0.18049490538573498,1.0,0.13248287238052908,0.22380085641823452,0.13793906288887348,0.7435408648652859,0.48260046673280027,8.461923484876074,569.0482698781084
2096,7,7776,"pc, tech, windows",This video explains a step-by-step PC guide for better productivity. (variant 4),"Not useful at all. | Disliked the presentation style. | Poor quality, needs improvement. | Too repetitive and unoriginal. | Really boring, I didn't enjoy this.",720,66,51,100,62.83,,,,7,0.25179546177387235,5,Negative,0.012456013976944966,0.8807970779778823,0.5205938220024109,0.5,0.0012324234703555703,0.6286547987950524,0.1508626964292489,0.3897587476121506,0.5538112218645268,1.0107622443729054,0.9684800379602136,0.9684800379602136,True,0.1076388888888889,0.006558641975308642,0.01286008230452675,0.4023972770643234,0.2726089785296031,0.3257575757575758,0.3611111111111111,0.22535211267605634,1.0,0.0,0.8240275835352456,0.9523415789162948,0.9523636510481153,0.25704576664750745,0.37260634048744146,3.454314055179228,1076.264176021546
2097,12,4319,"bible, prayer",In this devotion I’ll share a verse and then guide a prayer session for encouragement. (variant 4),"Great explanation, very helpful. | Loved this video! | Amazing content, keep it up! | High quality and well presented. | This was super entertaining.",400,39,12,33,52.78,,,,0,0.7489507388323545,5,Positive,0.0170368024621816,0.7310585786300049,0.0386187806725502,0.5,0.007107866462320089,0.24635072005978662,0.15497550652362405,0.20066311329170533,0.20090525928687245,0.9401810518573746,1.016907418993742,1.016907418993742,True,0.10442231998147719,0.0027784209307710117,0.007640657559620283,0.6604904432994128,0.02302077484559231,0.09016393442622953,0.0,0.0,0.6353398058252427,1.0,0.7081597773628758,0.021249310347033527,0.20649561447973816,0.9738347037491735,0.4162265414208029,6.266901119398733,662.6853834005915
2098,12,17409,"christian, prayer session",Join me for a time of scripture reading and prayer together. (variant 2),"High quality and well presented. | Great explanation, very helpful. | This was super entertaining. | Loved this video! | Amazing content, keep it up!",829,91,61,186,55.22,,,,0,0.7489507388323545,5,Positive,0.0170368024621816,0.5,0.00504692830145359,0.5,0.0028629035223275423,0.1535328498110175,0.15200403246562927,0.15276844113832339,0.11152024815548152,0.9223040496310964,1.0115443183258583,1.0115443183258583,True,0.05635016370842667,0.0035039347463955424,0.010684128898845425,0.6702504432994127,0.26389668725435145,0.5163934426229508,0.3141025641025641,0.48726114649681534,0.7300970873786405,1.0,0.0,0.1767950162107006,0.5391702007578625,1.0,0.556907778574769,6.266901119398733,886.6677350843904
2099,11,6142,"valorant, clutch gameplay",Here’s a ranked gaming match with commentary on positioning and decision making. (variant 3),"Too repetitive and unoriginal. | Really boring, I didn't enjoy this. | Not useful at all. | Disliked the presentation style. | Poor quality, needs improvement.",721,40,42,70,46.27,,,,9,0.25179546177387235,5,Negative,0.012456013976944966,0.5,0.1934012770652771,0.5,0.0011278246529400349,0.285380893945694,0.15078947725705802,0.21808518560137602,0.23341977619064566,0.9466839552381292,0.9492565512197808,0.9492565512197808,True,0.13073917290784762,0.006838163464669489,0.011396939107782481,0.3361572770643234,0.2795257637938896,0.09933774834437088,0.4197530864197531,0.14705882352941177,0.23681462140992168,0.0,0.8795264360881425,0.7947582153496722,0.6943329735628057,0.08421644086805372,0.23740254778485176,3.649261007152886,649.0989587838397
2100,7,12463,"software tutorial, windows",Here’s a tech review where I go over setup and performance improvements.,"Disliked the presentation style. | Not useful at all. | Really boring, I didn't enjoy this. | Poor quality, needs improvement. | Too repetitive and unoriginal.",1127,89,59,87,51.98,,,,7,0.25179546177387235,5,Negative,0.012456013976944966,0.5,0.0013290275819599628,0.5,0.0018206419190391898,0.15093031930737197,0.15127444934332743,0.1511023843253497,0.10841091469358272,0.9216821829387165,0.941756019529957,0.941756019529957,True,0.10230281633635561,0.004734012677525475,0.006980662761774854,0.3589972770643234,0.5374105400130124,0.5,0.4351851851851852,0.1643192488262911,0.5776566757493187,0.0,0.7376960769276707,0.573996368503892,0.14978929123444118,0.14848420307703425,0.36798547117897024,3.454314055179228,1062.9169095947884
user_video_3190,new_user_001,10000,Check out this amazing content! #viral #fyp,"This video showcases a brilliant chess tactic involving a queen sacrifice. It opens with a young chess player, Ediz Gürel, contemplating a move before transitioning to an animated chessboard. The core of the content is White's tactical sequence, where a Queen sacrifice on a7 (Qxa7!!) leads to a forced checkmate in five moves (Qxa7!! Kxa7, Rxh8+ Kg7, Nf6+ Kg8, Be7#).

This educational demonstration highlights advanced tactical vision and precise calculation, illustrating how sacrificing a high-value piece can lead to a decisive victory. It provides valuable insight for chess enthusiasts into complex combinations and checkmate patterns, presented with clear move annotations. The content's purpose is to entertain and instruct, showcasing a remarkable strategic play attributed to Ediz Gürel and Denis Lazavik.",This is amazing! | Love this content | Great video | So cool! | Awesome work,1200,150,80,45,75.5,videoplayback.mp4,True,False,9,0.7144533667713404,5,Positive,0.011976194962308366,0.8807970779778823,0.3630138635635376,0.5,0.0018932502716779709,0.518348827887841,0.15132527519017458,0.3348370515390078,0.4513117956416855,0.9902623591283372,1.027102179086489,1.027102179086489,True,0.143,0.008,0.0045,0.7306720200628043,0.4979480164158686,0.827814569536424,0.8888888888888888,0.05514705882352943,1.0,0.9306104678901836,1.0,1.0,0.0,1.0,0.7755306069949833,3.649261007152886,2332.4758964163066
